客戶代號	客戶名稱	電話	傳真	價格傳真/備註	客戶統編
AAA001	緯霖-001AAA	03-8336636	03-8310680		
AAB002	和成-總公司002AAB	02-26792294#265	02-86776926(王s)	02-26787232	
AAB002-S00	和成-石牌(合矩建設)	沖帳用勿刪			
AAB002-01	和成-曜增店002-01AAB	02-2585-3498	02-25851303		
AAB002-02	和成-文化店(仙意)002-02AAB	02-22510078	02-29513939		
AAB002-03	和成-忠誠店002-03AAB		02-28381025		
AAB002-04	千足萬兩(和成-林口店)002-04AAB	03-3287256	03-3288137		
AAB002-60	富堡晶壐(千足萬兩)AAB	沖帳用勿刪			
AAB002-61	富堡晶林(千足萬兩)AAB	扶其			
AAB002-62	富堡仁愛(千足萬兩)	沖帳用勿刪			
AAB002-63	富堡仁愛(千足萬兩)	沖帳用勿刪			
AAB002-65	彩虹魚((千足萬兩))	沖帳用勿刪			
AAB002-66	富堡菁英匯(千足萬兩))	沖帳用勿刪			
AAB002-05	和成-承德(巨量)002-05AAB	02-25581658	02-25585988		
AAB002-06	和成-重慶店(弘翼)002-06AAB	02-29529876	02-29543095		
AAB002-07	和成-河南002-07AAB	04-22548868	04-22548298		
AAB002-08	喬新-和成竹北店002-08AAB	03-6585169	03-6580869	客戶名稱	電話	傳真	價格傳真/備註	客戶統編
AAA001	緯霖-001AAA	03-8336636	03-8310680		 
AAB002	和成-總公司002AAB	02-26792294#265	02-86776926(王s)	02-26787232	
AAB002-S00	和成-石牌(合矩建設)	沖帳用勿刪			
AAB002-01	和成-曜增店002-01AAB	02-2585-3498	02-25851303		
AAB002-02	和成-文化店(仙意)002-02AAB	02-22510078	02-29513939		
AAB002-03	和成-忠誠店002-03AAB		02-28381025		
AAB002-04	千足萬兩(和成-林口店)002-04AAB	03-3287256	03-3288137		
AAB002-60	富堡晶壐(千足萬兩)AAB	沖帳用勿刪			
AAB002-61	富堡晶林(千足萬兩)AAB	扶其			
AAB002-62	富堡仁愛(千足萬兩)	沖帳用勿刪			
AAB002-63	富堡仁愛(千足萬兩)	沖帳用勿刪			
AAB002-65	彩虹魚((千足萬兩))	沖帳用勿刪			
AAB002-66	富堡菁英匯(千足萬兩))	沖帳用勿刪			
AAB002-05	和成-承德(巨量)002-05AAB	02-25581658	02-25585988		
AAB002-06	和成-重慶店(弘翼)002-06AAB	02-29529876	02-29543095		
AAB002-07	和成-河南002-07AAB	04-22548868	04-22548298		
AAB002-08	喬新-和成竹北店002-08AAB	03-6585169	03-6580869		
AAB002-09	和成-忠明002-09AAB	04-22080513	04-22081103		
AAB-002-10	和成-龍潭旗艦店-(美居)AAB	03-4700859	03-4700559		
AAB-002-11	和成-民族店002-11AAB	02-25853498	02-25851303		
AAB-002-12	和成-信義店AAB	02-27584366	02-27580229		
AAB-002-13	和成-新豐店AAB	03-6960062	03-6960476		
AAB-002-14	珺祿室內裝修工程行(和成生活館)	03-4911106	03-4911105		10608265
AAB002-016	業主維修-和成客戶				
AAB002-17	寶隆室內工藝AAB002-17	02-26792294#265	02-86776926(王s)	02-26787232	
AAC003	合祥-003AAC	02-27410008	02-27710066		
AAD004	雍華十上-004AAD	02-27006321	02-27006331	回簽需問發票	
AAD004-001	雍華十上(大同區南京東路227號/11F)	為了沖帳勿刪			
AAD004-001-01	雍華十上(大同區南京東路227號/9F)	為了沖帳勿刪			
AAE005	全勝祥-復興店	02-27068488	02-87911992	Clean up 吳先生0938-692262	
AAE005-01	全勝祥-內湖店005-01	02-87923949	02-87911992	Clean up	
AAE005-007	業主維修(全勝祥)				
AAE005-008	小紀-個人				
AAF007	禹臣-007AAF	03-6572012	03-6572262		
AAG008	璞舍-008AAG	02-27608959	02-27608938		
AAH009	竹桓-009	02-25072808	02-25182257	Clean up	
AAH009-01	門市店樣+竹桓				
AAH009-004	竹桓-龜山合遠建設				
	竹桓倉儲-蔡小姐	03-3183966			
	竹桓倉儲-張先生	0939-098245			
AAH009-002	鴻築建設+竹桓	為了沖帳	為了沖帳		
AAH009-003	合達建設+竹桓	為了沖帳	為了沖帳		
AAH009-005	合遠建設+竹桓	為了沖帳	為了沖帳		
AAH009-006	合遠善捷+竹桓	為了沖帳	為了沖帳		
AAH009-007	合遠建設青溪段(竹桓)	為了沖帳	為了沖帳		
AAH009-000	竹桓-台南門市	02-25072809	02-25182258		
AAH009-009	竹桓南部案場(峻益帳)代請款				
AAH009-008	竹桓中部案場(峻砷帳)代請款				
AAI010	麥斯-010AAI	02-25167587	02-25167469		
AAI010-001	門市店樣+麥斯				
AAI010-002	業主維修(麥斯)				
AAJ019	貝里司019AAJ	02-26186022	02-26186023	Clean up	
AAJ019-001	業主-貝里司				
AAJ019-003	貝里司(BOSS)家				
AAK012	三商美福-012AAK	02-21831633	02-21831632		
AAL013	義葳德-013AAL	02-87807772	02-87807773		
AAL013-01	義葳德-張烜維				
AAM011	當代-011AAM	02-27065000	02-27064000		
AAN014	櫻花廚藝-總公司-014AAN	04-23334214	04-23330075	改ㄇ鋁2.5CM	
AAN014-00	櫻花-北區營業所AAN	02-26940564	02-26940140		
AAN014-01	櫻花-耕莘店AAN	02-29178538	02-89112787		
AAN014-02	櫻花-忠誠店AAN	02-28310007	02-28315565		
AAN014-03	櫻花-林口店AAN	02-26017688	02-26017677		
AAN014-04	櫻花-經國店AAN	03-5336358	03-5332892		
AAN014-05	櫻花-台中復興店AAN	04-22658989	04-22615959		
AAN014-06	櫻花-頭份店AAN	037-689669	037-689368	餘料留給業主(4邊磨3MM)	
AAN014-07	櫻花-永和中正店AAN	02-22312555	02-22313111		
AAN014-08	櫻花-秀朗店014-08AAN	02-29233452	02-29233554		
AAN014-09	櫻花-中央店AAN	02-22620462	02-22737485		
AAN014-10	櫻花-金城店AAN	02-22701916	02-22709381		
AAN014-11	櫻花-蘆洲長安店AAN	02-22892368	02-22891258		
AAN014-12	櫻花-食品店(新竹)AAN	03-5624689			
AAN014-13	櫻花-福州店AAN	03-4375500	03-4373300		
AAN014-14	櫻花-北大店AAN	03-5223689	03-5223087		
AAN014-8	業主維修(櫻花)				
AAO017	星光-017AAO	03-5337171	03-5342614		
					
AAP018	尊廚018AAP	02-2700-3606	02-2755-2850		
AAQ022	天母SOGO-022AAQ				
AAR016	維多利-016AAR	02-2936-2798	02-2936-2798		
AAR016-001	業主維修(維多利)				
AAS015	美岡-015AAS	02-26015855	02-26022287		
AAT016-01	漢斯-台北AAT	02-25082799	02-25082199		
AAT016-01	漢斯-林口AAT	02-26085769	02-25085796		
AAU020-01	金鼎-仁愛路-020AAU	02-29091922	02-29002773		
AAU020-01	金鼎-大科路-020AAU	02-27045518	02-27045519		
AAV021	磬寶-021AAV	03-338-0888	03-338-1888		
AAV021-01	磬寶-德安-021AAV	02-22923737	02-22923131		
AAW023	德奧-023AAW	02-27522266	02-27528003		
AAX024	格蘭登(新竹店)024AAX	03-5330367	03-5436169		
AAX024-01	格蘭登(台北店)024-01AAX	"02-2771-9058
02-2771-8102"	02-27718486	C把3.5	
AAX024-02	賴綉梅0934-337-002(格蘭登)				
AAY025	志信-025AAY	02-27110569	02-27110559		
AAZ026	歐柏特-026AAZ	02-23640688	02-23642506		
AAZ026-001	門市-歐柏特	02-23640688	02-23642506		
ABA027	康廚-027ABA	02-82586199	02-22505099		
ABB028	博爵-028ABB	03-6565277	03-6565278		
ABB028-CU	跟業主收款(博爵)	為了沖帳勿刪	為了沖帳勿刪		
ABB028-04	美紳建設光華段水田街(博爵)	為了沖帳勿刪	為了沖帳勿刪		
ABB028-05	圓湖建設(博爵)	為了沖帳勿刪	為了沖帳勿刪		
ABB028-07	美紳建設嘉豐五路(博爵)	為了沖帳勿刪	為了沖帳勿刪		
ABC029	橋泰-029ABC	02-29061912	02-29042491		
ABD030	漢鑫-030ABD	02-25637921	02-25816770		
ABE031	歐寶-031ABE	02-27045518	02-27045519		
ABF032	漢諾-032ABF	03-3586969	03-3550567	合計X1.05 含稅價	
ABG033	築昂-033ABG	03-5315666	03-5333111	水槽爐子餘料保留	
ABH034	采邑-034	03-5328699	03-5313899	Clean up	
ABH034-01	業主-采邑				
ABI035	通選-035ABI	03-3660790	03-3661209	Clean up	
ABI035-002	業主維修-通選				
ABI035-003	仕霖建設+通選				
ABI035-004	元臺建設-通選				
ABI035-005	元臺聚-通選				
ABJ036	歐向-036ABJ	03-3752225	03-3752966		
ABK037	德久-新莊-037ABK	02-22932737	02-22932839		
ABK037-01	德久-竹北-037-01ABK	03-6682337	03-6682338	03-3550306孫S	
ABK037-02	德久-台中-037-02ABK	04-24211837	04-24211822		
ABK037-003	業主維修(德久)				
ABL038	麗豪-038ABL	02-28928116	02-28969930		
ABL038-001	科政廷-麗豪ABL	0913-879-227	寄mail		
ABM039	麗舍039ABM	02-25467575	"02-27186948
02-27186500"	檯面凸水槽0.2/圖給堯Line	
ABM039-002	業主維修				
ABM039-003	麗舍-台中店ABM	04-24529009	04-24510209		
ABM039-004	 麗舍工地	07-2810088	07-2810077		
ABM039-005	麗舍-新竹ABM	03-5588626	03-5588922		
ABM039-009-001	陽明致遠(麗舍)	為了沖帳勿刪			
ABM039-009-002	靜安樹語(麗舍)	為了沖帳勿刪			
ABM039-009-003	揚昇松韻(麗舍)
	為了沖帳勿刪			
ABM039-006	頂畫設計(黃承彥)039ABM	0909-362-326		收全額才能下單	
ABM039-011	門市-頂畫設計(黃承彥)			收全額才能下單	
ABN040-00	適邑(程加程設計)ABN	03-6581357	03-6581358	已改名	
ABN040-01	適邑-桃園-040ABN	03-3749000	03-3749900	已改名	
ABN040-02	適邑ABN	02-27902901	02-27902981		
ABN-040-1-0	業主維修+適邑ABN				
ABO041	美訊-041ABO	02-27005565	02-27036740		
ABP042	金歐-042ABP	02-33221777	02-23216253		
ABQ043-00	信維昌-043ABQ	02-29349527	02-29349525		
ABQ043-01	信維昌-尤小姐-043ABQ	02-29349527	02-26908117		
ABR044	艾柏漢-044ABR	02-29888850	02-29889967		
ABR044-001	 業主維修(艾柏漢)				
ABS045	大唐-045ABS	03-8580616	03-8580396		
ABT046	呈翁-046ABT	02-25090875	02-25090879		
ABU047	新瑞(信廣源)-047ABU	02-26107806	02-26107805		
ABV048	龍樺-048ABV	04-92563176	04-92563177		
ABW049	展芃-049ABW	03-5540001	03-5540003	"水槽都做切齊
sunwave要問(附保證書)"	
"ABW049-001
"	展芃門市				
ABW049-002	業主維修(展芃)				
ABX050	得廚-中部-050ABX				
ABY051	誠宏企業社(雅登新竹)-051ABY	03-533-6690	03-533-3271		
ABY051-00	雅登-內湖店-051ABY	02-87911062	02-27905758		
ABY051-01	雅登-總公司-051ABY(北投店)	"02-28946006
02-28971616"	"02-28927226
02-28931342"		
ABY051-02	雅登-金樣-051ABY	02-28322650	02-28327542		
ABY051-03	雅登-亨巨-051(民生)ABY	02-25094906	02-25056085		
ABY051-03-1	雅登-亨巨-051(和平西路)ABY	02-23685091	02-23687698	clean up	
ABY051-3-2	業主維修(亨巨)	為了沖帳勿刪			
ABY051-04	雅登-松山-051-04ABY	02-29126860	02-29126890	不含清運垃圾(費用另計)	
ABY051-05	雅登-天母-051(星普家居)ABY	02-88661414	02-88661341	機器處倒包9公分(水凸3mm)	
ABY051-50	門市-雅登天母(星普家居)				
ABY051-06	雅登-三重-051ABY	02-28570753			
ABY051-07	雅登-鄭小姐0933-021-285	02-23770909	02-23774889		
ABY051-08	雅登-忠孝店-051(展丞)ABY	02-27839191	02-27881919		
ABY051-09	雅登-新莊店(櫃華)051-09ABY	02-85213282	02-85213283		
ABY051-10	雅登-塔攸塔051-10ABY				
ABY051-11	雅登-中和店051-11ABY	02-2942-0228	02-2942-0238		
				殷子凡0987-697-345	
ABY051-51	業主維修				
AVZ052	櫥域-052AVZ	02-87926072	02-87926041	約安裝時間跟官方賴約,不要跟業務約	
AVZ052-01	櫥域-052劉先生	0935-012-586			
AVZ052-03	業主-櫥域				
ACA053-00	柏迪-053ACA	02-28288666	02-28270436		
ACA053-01	家樂美-053ACA	02-28361918	02-28361871		
ACB054	瓦都-054ACB	02-29958600	02-29958611		
ACC055	零售-055ACC				
ACC055-105	紙月家飾105ACC	02-27011572	02-27038894		
ACC055-106	宏瑞106ACC	04-92569587	04-92564608		
ACC055-107	商富107ACC	0927-407-973	0927-407-973		
ACC055-108	BEST108ACC				
ACC055-109	楊家斌109ACC	0935-056-055			
ACC055-110	小玉110ACC	0910-931-994			
ACC055-111	塗和池111ACC				
ACC055-112	樊家和(樊小姐)112ACC	0936-588-055	02-88094168		
ACC055-113	李先生113ACC	0910-286-567			
ACC055-114	邱先生114ACC	0920-075-003	02-25814955		
ACC055-115	黃經理115ACC	0988-157-666			
ACC055-116	陳文賢116ACC	0977-462-788			
ACC055-117	陳修毫(翰亞)117ACC		0952-900-316		
ACC055-118	楊曉村118ACC	0989-924-001			
ACC055-119	顏憲權119ACC				
ACC055-120	富美家120ACC	02-2515-1017*236	02-25170542		
ACC055-121	林小姐121ACC	02-23217568			
ACC055-122	蘇國慶弟弟122ACC	0980-710-501			
ACC055-123	陳永清123ACC	0987-978-752			
ACC055-124	吳存達124ACC	03-2228680	03-3211482		
ACC055-125	陳揅軒125ACC	0977-385-102			
ACC055-126	潘國榮126ACC	0975-198-278	02-28927226		
ACC055-127	利誠歐式廚具行055-127ACC	06-2754833	06-2366761	0933-339-009	
ACC055-128	江先生128ACC	0910-208-238			
ACC055-129	何設計師129ACC	0956-264-614			
ACC055-130	郭銘漧130ACC	0983-561-950			
ACC055-131	王家騏131ACC	0916-315-569			
ACC055-132	洪小姐132ACC	0956-206-319			
ACC055-133	陳惠圓(已重編一間設計)133ACC	02-25636060#307	02-29436091	0937-467-692	
ACC055-134	王小姐134ACC	0955-052-468			
ACC055-135	連程135ACC	02-26029016	02-29008457		
ACC055-136	劉芷瑋136ACC	0975-221-923	03-3201249		
ACC055-137	鄭麗選137ACC				
ACC055-138	廖興龍138ACC	0936-032-501			
ACC055-139	張季徽139ACC				
ACC055-140	方太太140ACC	0938-118-885			
ACC055-141	廣鈺141ACC	07-3525099	07-3530927		
ACC055-142	阿月生魚片店142ACC	03-4288807		0930-351-905	
ACC055-143	李小姐(台灣儷寶)143ACC	"0919-414-943
 0982-576-566"			
ACC055-144	徐玉燕144ACC	0928-777-345			
ACC055-145	遠企黃副總145ACC	0937-952-911			
ACC055-146	陳建廷146ACC	0963-009-693			
ACC055-147	裝修工程孫R-147ACC	0919-916-757			
ACC055-148	吳辰威Moking055-148ACC	0911-217-113		全勝祥	
ACC055-149	連程-陳欣福149ACC	0989-768-098			
ACC055-150	林漢嘉150ACC	0932-939-561			
ACC055-151	明哲哥哥151ACC	0926-505-102			
ACC055-152	林怡君152ACC	0989-772-933			
ACC055-153	謝帛軒153ACC	0930-624-125	02-2609-9023		
ACC055-154	東拓154ACC	03-3240667	03-3243459		
ACC055-155	陳董事長-昕昇業主155ACC				
ACC055-156	雅典娜156ACC	03-4531578	03-4531911		
ACC055-157	德廚157ACC	02-27526152	02-27761036		
ACC055-158	劉三五金158ACC	02-23685166	02-23685089		
ACC055-159	樂筱玉159ACC	0933-897-015			
ACC055-160	德寶(游先生)160ACC	0921-176-087			
ACC055-161	亮麗161ACC	0938-575-883			
ACC055-162	張瑞忠162ACC(找BFP830)	0920-506-287			
ACC055-163	姜正傑163ACC	0961-131-138			
ACC055-164	黃鈺雯164ACC	0939-517-053			
ACC055-165	陳文發165ACC	0988-238-569			
ACC055-177	潘木匠-興橋保險ACC	0928-145-080			
ACC055-178	潘木匠-烏日ACC	0928-145-080			
ACC055-179	哥德-藍嘉翔179ACC	0975-107-086			
ACC055-180	小羅-180ACC	0926-600-950			
ACC055-181	王小姐181ACC	0922-734-333			
ACC055-182	興立富182ACC	02-23250289	02-23250279		
ACC055-183	吳秀枝(三商)183ACC				
ACC055-184	商富-184ACC	0927-407-973	06-5990473	康先生	
ACC055-185	許少齊-185ACC	0939-305-922			
ACC055-186	賴慈賢186ACC				
ACC055-187	吳先生187ACC	0935-020-079			
ACC055-188	林李龍188ACC				
ACC055-189	謝佩珊189ACC	0921-859-119			
ACC055-190	鄭庭偉190ACC	0910-270-093			
ACC055-191	張書翰191ACC	0963-126-934			
ACC055-192	陳秋源192ACC	0936-262--601			
ACC055-193	惠鳴霄193ACC	0912-378-989			
ACC055-194	林嘉惠194ACC				
ACC055-195	洪明威055-195ACC	0985-024-305	堯Line		
ACC055-196	黃正雄196ACC	0933-118-609			
ACC055-166	榛薘葳(高慈凰)055-166ACC	02-26087781	02-26087781	0925-016-547	
ACC0551661	榛薘葳(工地)	沖帳用勿刪			
ACC0551662	榛薘葳(合遠建設新天地)	沖帳用勿刪			
ACC0551664	榛薘葳(合遠建設新天地)	沖帳用勿刪			
ACC0551666	日日東森+榛薘葳				
ACC0551667	業主維修(榛薘葳)				
ACC055-167	天釧-林鑫167ACC	0918-021-934			
ACC055-168	張啟柏055-168ACC(去編683AZX)	0956-063-536			
ACC055+168	業主+張啟柏ACC				
ACC055-169	麗舍-芭樂師父169ACC	0921-615-851			
ACC055-170	邱俊豪170ACC	0933-337-738			
ACC055-171	特業171ACC	03-3597171			
ACC055-172	陳恭訊172ACC				
ACC55-172	王聖嘉172ACC				
ACC055-173	鄭水國173ACC				
ACC055-174	翁林翠174ACC	0955-333-800			
ACC55-175	樺立-王健旭175ACC	02-29282220	02-29288759	0956-663-178	
ACC055-176	彭婉如基金會176ACC	02-25216196*14	0928-833-828		
ACC055-197	陳中慶197ACC	0963-026-349			
ACC055-198	林先生(興立富業務小余介紹的)	0918-900-034			
ACC055-199	賴先生199ACC	0916-712-253			
ACC055-200	東煒建設200ACC	0910-924-133		陳先生	
ACC055-201	黃先生201ACC(興立富介紹)	0970-166-066			
ACC055-202	周先生-茶吧202ACC	02-2557-8851		周先生0972-768-759	
ACC055-203	傳昇室內裝修有限公司-203ACC	0975-705-232		徐國城0975-705-232	
ACC055-204	施靜純204ACC	0976-026-028			
ACC055-205	游璿嘉205ACC				
ACC055-206	黃豐宏206ACC				
ACC055-207	李玠樺207ACC	0989-840-420	婷萱.林姊Line	李玠樺0989-840-420	
ACC055-208	廖茹屏208ACC	0952-501-107			
ACC055-209	派出所209ACC	老大的朋友			
ACC055-210	謝先生210ACC	0933-575-124			
ACC055-211	湛羽211ACC	02-55994969	02-55746159		
ACC055-212	唐裕212ACC	0939-362-659	孫先生	阿堯的客戶	
ACC055-213	興立富小彥介紹(陳小姐213ACC	0922-351-516	02-2219-5041		
ACC055-214	邱先生(陳文賢介紹)214ACC				
ACC055-215	吳明哲215ACC	0926-505-102			
ACC055-216	鄭小姐216ACC	0939-177-343	christin0407@yahoo.com.tw		
ACC055-217	何小姐217ACC	0972-055-313			
ACC055-218	誠龍055-218ACC	02-26086353	02-26086167	劉瀟懷0986-889252	
ACC055-219	藍仁055-219ACC	02-22519923	02-22515282	李'R0922-999393	
ACC055-220	姜智仁055-220ACC	0988-935-711			
ACC055-221	李雅芬055-221ACC	0920-233788			
ACC055-222	睦霖055-222ACC	02-27996801	02-27997639	王宏和0910-196-630	
ACC055-223	竣浩居家055-223ACC	0935-524-505	吳小姐		
ACC055-224	楊家斌的大姐055-224ACC	楊家斌0977-087-192			
ACC055-225	蔡和評055-225ACC	0937-764-937			
ACC055-226	蔡政豪055-226ACC	0926-866-347			
ACC055-227	陳貴梅055-227ACC	0933-256489			
ACC055-228	張先生055-228ACC	0935-573468			
ACC055-229	阿泰055-229ACC	0984-127-749			
ACC055-230	麗卿姐055-230ACC			(非陳姐XD)	
ACC055-231	王冠堯055-231ACC	0985-980568			
ACC055-232	賴先生055-232ACC	0917-793-678			
ACC055-233	黃進安055-233ACC	0952-982-293			
ACC055-234	興立富介紹江小姐055-234ACC	02-77293866	02-27616733	0927-189068	
ACC055-235	吳國良055-235ACC	0910-132597			
ACC055-236	顏國裕+劉麗琴055-236ACC	0952-835130			
ACC055-237	蔡紀樺055-237ACC				
ACC055-238	屈家弘055-238ACC	0916-304927			
ACC055-239	黃先生055-239ACC	0939-287838	02-22398613		
ACC055-240	邱福順建築師事務所055-240ACC	03-3014033	"堯.頻Line(方先生)
萱Line(李洋城)"		
ACC055-241	蔣先生055-241ACC				
ACC055-242	吳振芳055-242ACC	0932-134408			
ACC055-243	一屋二瓦055-243ACC	何S 0918-184-766 			
ACC055-244	朱亦翰244ACC				
ACC055-245	劉威廉245ACC				
ACC055-246	林先生246ACC				
ACC055-247	邱小姐247ACC	0989-368-000			
ACC055--248	盛瑭禹小姐	0925-061-070			
ACC055--249	興立富小余介紹李小姐055-249ACC	0921-967100			
ACC055--250	郭素衣-055-250ACC	02-27786269	02-27786728	0928-126083	
ACC055--251	龍禾鍾小姐055-251ACC	0918-176767			
ACC055--252	張大緯055-252ACC				
ACC055--253	胡紹緯055-253ACC	0925-526998			
ACC055--254	楊先生055-254ACC	0987-356449			
ACC055--255	十一日晴055-255ACC				
ACC055--256	瓦居設計055-256ACC			黃小姐	
ACC055--257	三倆三055-257ACC	02-27665323	02-27667323		
ACC055--258	興立富介紹KJ055-258ACC			張先生0935-017142	
ACC055--259	禾樹設計-055-259ACC			葉S0918-416311	
ACC055--260	葉先生-055-260ACC				
ACC055--261	興立富-小潘055-261ACC				
ACC055--262	黃小姐055-262ACC	0909-051651			
ACC055-263	發哥055-263ACC	0933-137188			
ACC055-264	興立富介紹-久實室內裝修264	0930-222-205			
ACC055-265	遠企吳副理-265ACC				
ACC055-266	張昱凱(駩鑫)55-266ACC	0905-283-117			
ACC055-267	居曄土木包工業有限公司(小美)				
ACC055-268	許先生0935-460-608	0935-460-608	0935-460-608		
ACC055-269	小郭055-269(老大認識的)	0930-052478			
ACC055-270	葉騰陽055-270(貴嘉工作室)	0987-288208			
ACC055-271	熊先生055-271ACC				
ACC055-272	陳一鳴272ACC				
ACC055-273	廖小姐055-273(興立富介紹)	0933-921964			
ACC055-274	尤先生055-274(柏迪消費者)	0919-997998			
ACC055-275	藍小姐(之前大雅藍經理)275ACC	03-3830033		藍小姐0978976069	
ACC055-286	度間設計286ACC	02-77293216	02-23259022	0937-003-562	
ACC055-287	賴彥銍055-287ACC				
ACC055-288	晶瑞055-288ACC	02-26006950		需先匯款才能調料	82789125倢
ACC055-288-01	業主維修(小蔣個人案)				
ACC055-289	陳恭訊289ACC				
ACC055-290	蘇成-文華設計290ACC				
ACC055-291	廖晉055-291ACC	0970-059-450	堯line		
ACC055-291-1	天颺企業社055-291-1ACC	廖晉0970-059-450			
ACC055-292	林勝清055-292ACC	0989-698-815			
ACC055-293	郭建丰0930-052-478ACC	0930-052-478			
ACC055-294	合祥業務 張小姐ACC	0913-623-366			
ACC055-295	衍伸企業社(黎禹伸)ACC055-295	0937-008-850			
ACC055-296	林玉峯ACC055-296ACC	0930-088-617			
ACC055-297	吳佳玲(森田)297ACC	0988-052-817			
ACC055-298	優磊298ACC				
ACC055-299	表餐道業主299ACC				
ACC055-300	劉李廣先生300ACC	0958-158-968			
ACC055-301	弘泰-301ACC	03-4617933	03-4617936		
ACC055-302	張家翔302ACC	0929-573-322			
ACC055-303	宗益303ACC	0917-253-245			
ACC055-304	蘇成-介紹禾禾居設計304ACC				
ACC055-305	雅登-史先生055-305ACC				
ACC-055-306	蘇成介紹-業主黃小姐306ACC				
ACC-055-307	蘇成介紹-禾禾居設計307ACC				
ACC-055-308	雅登史先生的朋友308ACC				
ACC-055-309	郭先生309ACC	0935-889-393			
ACC-055-310	興立富310ACC	02-23250289	02-23250279		
ACC055-310	何正珍055-310ACC	0960-757-598			
ACC055-311	歐德-邱鈺珊311ACC	0987-245-261		如果是要+6%的 去編在509	
ACC055-312	顏秋佩55-312ACC	老大的妹妹			
ACC055-313	拾初建設313ACC-蘇成介紹	02-2331-1235		劉彥志0920-561-255	
ACC055-314	江家文314ACC	0911-303-722			
ACC055-315	黃伯暐315ACC(林姊富堡鄰居)	0961-081-666	林姐line		
ACC055-316	王記汽車(喬世室內設計316ACC)	03-2227550		朱霈晴0921-939-079	
ACC055-317	高佩璿055-317ACC	0958-797-636	Line群		
ACC055-317-01	業主維修(高佩璿)317-01ACC				
ACC055-318	創快設計-毛顯孝318ACC	0910-005-540			
ACC055-319	鄭先生319ACC(業主)	0910-208-238			
ACC055-320	詹玉美(連程)55-320ACC	0923-664-212	line		
ACC055-320-03	木木嘉(詹玉美案件)320-03ACC				
ACC055-321	艾沐室內裝修(原拓設計)321ACC	02-2279-2968	02-2279-5028	程嘉羚0921-189-786	
ACC055-322	粘竣傑322ACC	0937-833-082			
ACC055+322	廖晉自己家322ACC	沖帳用,勿刪			
ACC055-323	寶麗新323ACC	02-8295-0987	02-2293-3844	陳子維0933-750-414	
ACC055-324	兆威324ACC	0978-353-000			
ACC055-325	石億325ACC	03-2114422	03-2114507		
ACC055-326	文華設計黃曉雯055-326ACC	0939-889-876	萱LINE	(蘇成介紹)	
ACC055-327	林毅修的朋友327ACC	0972-778-555			
ACC055-328	羅康仁055-328ACC				
ACC055-329	創研設計(何俊宏)329ACC-蘇成介紹				
ACC055-330	傑紅郭小姐介紹-洪小姐330ACC	0920-547-648			
ACC055-331	李博緯(原紀勝騰)055-331ACC	0956-889-981			
ACC055-332	阿雀的女兒332ACC				
ACC055-333	沐槿空間(葉昱慶)333ACC--蘇成介紹	0932-796-846			
ACC055-334	業主-周幼奇334ACC				
ACC055-335	陳莉莉55-335ACC	0952-290-939			
ACC055-336	余小菁55-336ACC				
ACC055-337	蘇成介紹業主賴先生337ACC	0919-222-001			
ACC055-338	柳齡雁(鉑綝室內裝修)55-338ACC	0930-565-235			
ACC055-339	傢櫥業主楊聖時339ACC	0939-580-561			
ACC055-339-01	傢櫥吳彥康339-01ACC	0912-399-094			
ACC055-340	陳設計師55-340ACC	0913-613-890			
ACC055-341	蔡雅雅55-341ACC				
ACC055-342	陳俞親(日工)55-342ACC	0930-594-026			
ACC055-343	無設計-劉巧涵55-343ACC-蘇成介紹	0921-437-565			
ACC055-344	二樓宿舍344ACC				
ACC055-345	半園空間設計345ACC	02-23935511			
ACC055-346	阿廣的簡師傅55-346ACC	0989-813-011	02-23935510	吳宜倫0912-071-876	
ACC055-347	浤富實業(石材廠)347ACC	02-2619-5039			
ACC055-348	鄭太太-台南利誠客戶348ACC		02-2619-5037	施冠宇0930-887-857	
ACC055-349	林鈺芸(林姐姪女)55-349ACC	0985-825-121			
ACC055-350	祐實室內設計55-350ACC	02-2215-1370			
ACC055-351	吳政佑的女兒55-351ACC		02-2215-1390		
ACC055-352	洪小嘉055-352ACC	0911-037-611		(原本在闊石)	
ACC055-353	李文廣055-353ACC	0966-233-820			
ACC055-354	瑪摩石業務055-354ACC				
ACC055-355	陳德偉055-355ACC	0905-139-589	03-3025115		
ACC055-356	侘米設計-洪靜玟055-356ACC	0978-093-938			
ACC055-357	鄭緯鵬(鍾志慧介紹)055-357ACC	0936-058-401	林姐.婷萱Line		阜云實業70376697
ACC055-358	陳昭惠055-358ACC(歐羽哲介紹業主)	0975-382-333			
ACC055-359	陳奕嘉055-359ACC	林姐Line			
ACC055-360	時刻建築(白千勺)055-360ACC	0939-954-903	林姊Line		
ACC055-361	黃士瀚055-361ACC	0984-466-052	林姊Line		
ACC055-362	張越筑(夢想家介紹設計師)055-362ACC	0989-313-523	婷萱Line		
ACC055-363	鴻昇石材055-363ACC	03-3463132		楊先生0972-424-606	
ACC055-364	互誠實業(陳郅豪介紹)364ACC	02-2760-2266	02-2761-4152	范棠智0919-549-770	統編27773942
ACC055-365	吾居宿室內裝修055-365ACC(吉寶案場直對設計師)	0911-830-847			統編90010182
ACC055-366	捷合科技055-366ACC	02-2658-9979	02-2658-7797	龍哥連絡何孟諺	
ACC055-367	伸美055-367ACC	03-359-7171	03-359-7272		
ACC055-368	繡孃宅妝居家055-368ACC	潘欣怡0912-218-693	羅應明0920-598-698		統編87453303
ACC055-369	桶身師父-藍鶴文055-369ACC	0925-050-397	林姊Line		
ACC055-370	Mandy Fang055-370ACC	0956-863-588	萱Line	精淦客戶鄰居	
ACC055-371	林朋達055-371ACC(小五.阿生)	0987-030-398			
ACC055-372	李柏賢055-372ACC	0983-219-421	林姊Line		
ACC055-373	凌婇苓的朋友055-373ACC				
ACC055-374	呂家駒055-374ACC				
ACC055-375	業主吳珍綾055-375ACC	0912-158-347			
ACC055-376	陳芳沂055-376ACC(煜曄)	0905-855-136	斌Line		
ACC055-377	蕭偉丞(外勞仲介)055-377ACC	0919-575-123			
ACC055-378	業主李先生055-378ACC	0916-038-788	萱/堯Line	(陳慶樺朋友)	
ACC055-379	林順意老師055-379ACC	拍打老師			
ACC055-380	林沂萱(蝦米)055-380ACC	蝦米line	蝦米line	對蝦米	
ACC055-381	龍禾24223案設計師055-381ACC		萱LINE		
ACC055-382	劉正皓055-382ACC	0978-081-523	斌/萱Line	(原凱勤業務)	
ACC055-383	默契楊小姐(個人案)055-383ACC	0955-381-177	公司機Line		
ACC055-384	業主-李亮德384ACC	0936-086-996	斌	(寶廚林挽介紹)	
ACC055-385	李佩蓮055-385ACC	0908-919-565			
ACC055-386	創揚室內裝修055-386ACC	鐘志忠0906-363-436			
ACC055-387	煜曄業主邱新凱055-387ACC	0912-698-850	萱line		
ACC055-388	吳家蕾設計師055-388ACC	0975-262-810	斌line	(羽筑台北設計師)	
ACC055-389	吳思頻055-389ACC	0925-572-622			
ACC055-390	小蔣(個人案)055-390ACC浤富	0981-785-979	LINE群組		
ACC055-391	張家祐055-391ACC	0988-608-866	堯LINE	(洪明威介紹)	
ACC055-392	蔡雅惠的大娘姑055-392ACC	0988-317-818			
ACC055-393	業主郭柏齡055-393ACC	0988-322-142	萱LINE		
ACC055-394	吳懿峰055-394ACC	0982-249-681			
ACC055-395	陳威翰055-395ACC	0939-369-999			
ACC055-396	王偉哲055-396ACC	0916-703-677			
ACC055-397	顏呈翰055-397ACC		翰LINE		
ACC055-398	吳斯宇055-398ACC	找小翰			
ACC055-399	楊瑞煦Rich 055-399ACC	0988-576-016	林姊LINE	松下業務	
ACC055-400	業主連先生/太太055-400ACC	婷萱Line	婷萱Line		
ACC055-401	業主胡雅雲055-401ACC	0986-059-208			
ACC055-402	業主陳銘章055-402ACC	0970-834-201	婷萱Line		
ACC055-403	橋剪廢鐵收入(1141201賣廢鐵)				
ACC055-404	富雅居業主-朱羿禔055-404ACC	0912-605-509	峻晟Line		
ACC055-405	禾硯石業055-405ACC	02-2618-2669	02-2618-2667		
ACC055-406	富雅居業主ANDY 055-406ACC	0939-883-377	萱.林姊Line		
ACC055-407	黎書宏055-407ACC	林姊Line			
ACC055-408	曾亞儒個人單055-408ACC	0920-999-263			
ACC055-409	榮煌室內裝修有限公司409ACC(精淦設計師)	02-86461203	02-86462320		
ACC055-410	陳明澤055-410ACC	0921-116343			
ACC055-411	拾間設計055-411ACC				
ACC055-412	實璞開發室內裝修055-412ACC	"02-8732-8988 #16
許惠萍0936-900-423"	02-8732-6988		"24977319
72936838"
ACC055-413	曾宥寧(百慧室內設計)055-413ACC	07-586-8662	0986-656-223		59422701
ACC055-414	全興石材055-414ACC	02-2619-1448			54922087
ACC055-415	帝騰石材055-415ACC	小熊0981-576-979			95488712
ACD056	進傑-056ACD	04-25283131	04-25282121		
ACE057	儷櫥-057ACE	04-22519866	04-22519298		
ACF058	禾楓-058ACF	02-87878896	02-87878182		
ACG059	光雨-059ACG	02-27127067	02-27127275		
ACH060	尊櫃(原唐極)-060ACH	02-27922481	02-27952282		
ACH060-001	業主(唐極)060-001ACH	沖帳用勿刪			
ACI061-00	格麗斯-新現-061ACI	02-28985133	02-28935878		
ACI061-01	格麗斯-大裕-061ACI	02-25017489	02-25017429	方型水槽都做凸0.3	
ACI061-02	格麗斯-復北(唯創)-061-02ACI	02-25036831	02-25036841	簡先生	
ACI061-03	格麗斯-寅鼎-061-03ACI	03-4809400	03-4090404	曾先生0935-596-260	
ACI061-03-01	業主維修(寅鼎)				
ACI061-04	格麗斯-政昌-061-04ACI	03-5961730	LINE群組		
ACI061-04-01	業主維修(政昌)				
ACI061-05	新美-061-05ACI	03-5718409	03-5735431		
ACI061-05-	門市店樣-新美	03-5718409	03-5735431		
ACI061-05-01	業主維修(新美)				
ACI061-06	格麗斯-竹北-061-06ACI	03-5500507	03-5500512		
ACI061-07	格麗斯-中壢(亨達)-061-07ACI	03-428-8000	03-428-3839	謝政汶0937-123-128	28779521
ACJ062	芊禾-062	03-5585000	03-5586228	水槽都做W2,前沿9CM開挖	
ACK063	雲平-063	02-89672628	02-89677291		
ACL064	禾築-064	02-23676661	02-23676297		
ACM065	海德崴-065ACM	02-25180655	02-25180652		
ACN066	橙邑-066	02-85021174	02-85026653		
ACN066-001	橙邑創研-066-01 	02-86636789	02-29306936	方先生0932-908-919	
ACO067	集緻-067	02-27764194	02-27760127		
ACP068	倍利嘉-068	02-22997046	02-22997047		
ACQ069	德廚-北部-069ACQ	02-27526152	02-27761036		
ACQ069-001	業主維修(德廚)				
ACR070	提雅-070ACR	03-5586198	03-5585835		
ACR070-1	品櫥-新竹店070-1ACR	03-5250368	03-5280785		
ACR070-2	品櫥-彭小姐070-2				
ACR070-3	明叡(品櫥台北店)070-3ACR	02-2517-0186	02-2517-0385		
ACR070-004	門市店樣+品櫥				
ACR070-005	得村國際有限公司(品櫥台中店070-005ACR)	04-2452-0886	04-2452-0830		
ACR070-006	業主-品櫥	沖帳用勿刪			
ACR070-007	合石建設(一緒)品櫥	沖帳用勿刪			
ACR070-009	上德樂居(品櫥)	沖帳用勿刪			
ACR070-008	彭小姐(個人單)+品櫥				
ACR070-010	上德湛	沖帳用勿刪			
ACR070-011	楊小姐(個人)+品櫥				
ACS071	歐爵-071(107年通知停止營業)	02-23576818	02-23435087		
ACT072	純銘-072	02-28961670	02-28921041		
ACU073	弘第企業-073🔟	02-25463000	02-25463800		
ACU073-01	亞昕開發洲際段(弘第企業)	02-25463000	02-25463300		
 ACU073-001-01	永陞春聚(弘第企業)	02-25463000	02-25463300		
 ACU073-03	永陞春聚(弘第企業)	沖帳用勿刪	沖帳用勿刪		
 ACU073-04	御上天母+(弘第企業)	沖帳用勿刪	沖帳用勿刪		
 ACU073-05	北士科樺輝詠鑄(弘第企業務)	沖帳用勿刪	沖帳用勿刪		
ACU073-001-04	衍見築(弘第)	沖帳用勿刪	沖帳用勿刪		
ACU073-001-05	義泰吾境(弘第)	沖帳用勿刪	沖帳用勿刪		
ACU073-001	弘匯-073-001ACU	0919-572-676			
ACU073-002	弘均企業-073-002ACU	門市03-346-6363	03-346-7373		
ACU073-003	弘第國際-073-003🔟ACU	02-25463000	02-2546-3800	L把2公分、橫桿2	29046547
ACU073-004	弘堂-073-004🔟ACU		02-2546-3800	幾乎作平板，上打磨2mm下打磨2mm	
ACU073-004-001	"璞園璞園+弘堂工地
"				
ACU073-005	弘毓企業-073-005ACU	03-558-3538	03-658-2787	圖面用傳真	
					
ACV074	九洋-074	0938-526-768			
ACW075	居拓-075	02-27023318	02-27023418		
ACX076	晨楓-076	02-2736-5625	02-2738-5625		
ACY077	紐約-077	02-89936848	02-89937538		
ACZ078	樺品-078	02-27565888	02-77187775		
ADA079	奕品-079	03-6576333	03-6576173		
ADB080	弘毓-080	03-5583538	03-5587906		
ADB080-C	業主維修(弘毓)				
ADB080-001	竹慶建設光武段(弘毓)	03-5583538	03-5587906		
ADB080-002	鴻湛建設(弘毓)	03-5583538	03-5587906		
ADC081	至善-081	02-23936600	02-23961000		
ADD082	麗陽-082	02-29373968	02-29377725		
ADE083	尚藝-083	02-25677757	02-25677828		
ADF084	雅登-昰玳-084	02-26585326	02-26589205		
ADG085	旺昌-085	02-26021090	02-26021171		
ADH086	首美-許美正-086	03-5336358	03-5332892		
ADI087	德品-087	02-87881566	02-87881097		
ADJ088	偉成-088ADJ	02-26104811	02-26193908		
ADK089	夢想家(張新廷)89ADK	03-3891047家裡	03-3906430		
ADL090	威肯-090	04-24716607	04-24725603		
ADM091	寶廚-091ADM	02-27817151	02-27522151	F1套板	
ADM091-002	業主維修(寶廚)				
ADN092	恩典-092	03-4686577	03-4681830		
ADO093	吉納-093	02-28352867	02-28361161		
ADP094	力特-094	02-26028025	02-26027605		
ADQ095	惠安居-095	02-29702993	02-29729331	郭'S0931725218	
ADR096	弘泰營造-096	02-29963562	02-29964589		
ADS097	青葉-097	03-9577477	03-9550419		
ADT098	詠赫-098	02-22935936	02-22939538		
ADT098-001	業主維修(詠赫)				
ADU099	勝榮-099	04-25634459	04-25633316		
ADV100	祥俐-100	03-3183460	03-3183891		
ADW101	龍禾-101ADW	02-2618-2676	(Line有價格的群組)	每套龍頭、RO都廠內挖好，不要現場問(回簽時請註明挖孔位置、尺寸)	
ADW101-000	BOSS(龍禾)				
ADW101-006	龍禾-欣偉傑工地	沖帳用勿刪			
ADW101-007	龍禾-理德建設				
ADW101-01	鍾志慧101-01	0918-176-767	02-8245-6539		
ADW101-009	融園案+樹林學勤路＿				
ADW101-008	馨園案+樹林學成路				
ADW101-010	龍禾-三重區集英路	沖帳用勿刪			
ADW101-011	龍禾-宏國湖匯(新豐街50號旁)				
ADW101-012	業主維修-龍禾				
ADW101-013	龍禾-高鐵八路				
ADW101-014	"森景建設同安段(龍禾)
"				
ADW101-015	富祥泰集集安建設(龍禾)				
ADX102	天恆國際-102	02-26021695	02-26021738		
ADY103	奧斯卡-103	04-7372887	04-7321648		
ADZ104	築內-104	02-87726677	02-27318728		
AEA105	新弘-105	049-2328458	049-2300236		
AEB106	宏美-106	02-22606789 02-22656755	02-82615168		
AEC107	大志設計-107	02-27522328	02-27110930		
AED108	富士-108(不存在)	02-28361118	02-28361208	(112.11.10詢問不存在了)	
AEE109	九如-109AEE	02-26186963	02-26186965	餘料要保留直角槽都做W3型	
AEF110	文鼎-110	04-22514337	04-22517952		
AEG111	德安-111AEG	02-66110066	02-2833-9910		
AEH112	玉山-112	02-82520089	02-82520200		
AEI113	羅卡-113	03-5532371	03-5532372		
AEI113-1	羅卡(長明工程行)-113-1	03-5558673	03-5559539	康洪福0973-135-135	
AEJ114	寬瑜-114	02-27087558	02-27082858		
AEK115	聖庭-115	02-26019457~8	02-26019459		
AEL116	易昇-116	02-22655335	02-22653434		
AEM117	傑晶-117	02-22963736	02-22961404		
AEN118	銘泰-118	02-22926877	02-22926879		
AEO119	大用-119	02-29118962	02-29128345		
AEP120	國園工程-120	02-89233118	02-89233119		
AEQ121	洪尚仲-121	0918-698-507	0918-698-507		
AER122	雅廚-122	04-23149300	04-23121356		
AER122-01	雅廚-(兆浦)122	02-22698087	02-22694572		
AES123	巧居-123	03-4912379	03-4912319		
AET124	墨林-124AET	05-2361196	05-2358128	裝龍頭時底部要墊人造石墊片	
AET124-001	墨林-森達美術館	沖帳用	沖帳用		
AET124-002	墨林-茂捷雲賀	沖帳用	沖帳用		
AEU125	樺麗-125	02-27609910	02-27609910		
AEV126	凱閣名廚-126	03-6672620	03-6581911		
AEW127	國泰-127	02-27818507	02-27514412		
AEX128	高松-128	07-2827923	07-2827973		
AEY129	晉伸-129	02-26871828	02-26837029		
AEZ130	耀盈-130				
AFA131	允程-131	02-87862012	02-87862015		
AFB132	智慧廚房-132(仁愛門市)AFB	02-87924822	02-87924843		
AFB132-1	唯廚132-1AFB	02-25506691	02-25579320	(已離開智慧廚房)	
AFB132-2	智慧廚房-132-2(淡水工廠)AFB	02-26262845	02-26262448		
AFB132-1S	業主維修-唯廚				
AFC133	瀚頓-133	02-26486192	02-26486191		
AFD134	陞輝石業-134	02-26461121			
AFE135	仟美135AFE	03-3789550~2	03-3789553		
AFE135-003	業主維修(仟美)	沖帳用勿刪			
AFF136	英琪-136	03-5508755	03-5507939		
AFG137	大雅-桃園店-137	03-3010691	03-3010693	04-25661017	
AFG137-00	大雅-總公司-137	04-25661016	04-25661017		
AFG137-02	大雅-台北-137	02-25016901	02-25016903	04-25661017	
AFH138	邦潔-138AFH	03-5555112	03-5555111		
AFI139	歐品-139	02-28810588 02-28815088	02-88611765	"游先生0916-165-656
汪小姐0917-187-888"	
AFJ140	佳潔-140	02-87727595~6	02-87727597		
AFK141	超群-141	06-6856667	06-6832474		
AFL142	皇嘉設計-142	02-27310893	02-27506727		
AFM143	瑋澤-143AFM	03-6577700	(Line)03-6577865		
AFM143-01	瑋澤-工地案	沖帳用勿刪			
AFM143-04	業主(維修)+瑋澤	沖帳用勿刪			
AFM143-05	元啟建設+瑋澤(延平段)	沖帳用勿刪			
AFM143-06	金連城-瑋澤-經國路	沖帳用勿刪			
AFM143-07	春億建設+瑋澤-致祥一街	沖帳用勿刪			
AFM143-08	青塘帝寶-瑋澤	沖帳用勿刪			
AFM143-09	三本小樁溪-瑋澤	沖帳用勿刪			
AFM143-10	雨虹投資-瑋澤	沖帳用勿刪			
AFM143-11	瑋澤-謝先生 143-11	0989-137-639			
AFM143-13	青寬-幸福雄郡	沖帳用勿刪			
AFM143-14	創薪建設-民富段(瑋澤)	沖帳用勿刪			
AFM143-15	富源豐岫(富源永興段)瑋澤	沖帳用勿刪			
AFM143-16	元啟建設(山下段)瑋澤	沖帳用勿刪			
AFM143-17	青寬NO20期-瑋澤	沖帳用勿刪			
AFM143-18	"青寬建設22期(瑋澤)
"	沖帳用勿刪			
AFM143-19	"青寬建設21期(瑋澤)
"	沖帳用勿刪			
AFM143-20	"青寬建設26期(瑋澤)
"	沖帳用勿刪			
AFM143-21	"青寬建設23期(瑋澤)
"	沖帳用勿刪			
AFM143-22	"青寬建設27期(瑋澤)
"	沖帳用勿刪			
AFM143-00	門市瑋澤				
AFN144	昇毅-144	02-82211658	02-82215009		
					
AFO145	居意-145	02-29005319	02-29002128		
AFP146	德浦-146AFP	02-27420660	02-27421115	0922-985-300	
AFQ147	松進-147	06-5950126	無傳真		
AFR148	奇蛙設計-148	02-87870076	02-87870075		
AFS149	唐林-149	03-3254221	03-3573136		
AFT150	米可-150	03-5529511	03-5529539		
AFU151	林志冠-151	07-5882224	07-5882224		
AFV152	三雅-152AFV	02-29008689	02-29008687		
AFW153	永竣-153	02-26003438	02-26009975		
AFW153-1	永震(永竣三廠)-153-1	02-26005612	02-26085612		
AFW153-2	永亮153-2AFW	02-26082588	02-26081098		
AFX154	碇國-154AFX	02-29023099	02-29022909		
AFY155	苗栗德盟嬌妻(云階室內裝修)-155AFY	03-7275300	03-7272853	問桶身/檯面凸水槽	
AFZ156	宸鑫(德坊)156AFZ	02-25643338	傳LINE群(勿傳真)		
AFZ156-001	門市+宸鑫(德坊)156AFZ				
AFZ156-002	業主-德坊	為了沖帳勿刪			
AGA157	力翔傢俱-157	02-22341397	02-22341393		
AGB158	吉祥-158AGB	02-2618-5666	02-26182233		
AGC159	廚與櫃(基隆)-159AGC	02-24236511	02-24229300		
AGD160	千翔-160	02-28011251	02-28012802		
AGE161	安特(已頂讓)-161AGE	02-2832-0881	02-2832-0836(斌line)	已頂讓,不要在下安特的單了	
AGE161-001	門市店樣(安特)				
AGE161-002	角鹿設計-161-002AGE	0932-081-031	斌/林姊line		
AGF162	黃師父(摩登)-162	06-3582467	06-2583865		
AGG163	佳適多-163-連工帶料	02-22937800	02-22937200	對圖:孫小姐	
AGG163-001	恆瑋(佳適多)-自備料	02-22937800	02-22937200	對圖:陳小姐	
AGG163-002	佳程-163-002AGG	02-22939900	02-2293-6600		
					
AGH164	欣億-164	02-26083498	02-26083493	02-26083493	
AGH164-01	欣億-美光164-01	03-8224553	03-8236906	02-26016175	
AGH164-02	欣億-貴妃164-02	06-598-3588	06-597-0340	02-26016175	
AGH164-03	欣億-佳適多164-03	2847-9000	2847-6000	02-26016175	
AGH164-04	欣億-維也納164-04	2947-8890	2941-9965	02-26016175	
AGH164-05	欣億-新光三越164-05			02-26016175	
AGH164-06	欣億-新時尚164-06	0921-862-820	03-851-3285	02-26016175	
AGH164-07	欣億-多田164-07	03-932-4874	03-935-7576	02-26016175	
AGH164-08	欣億-德盟嬌妻164-08	03-7275300	03-7272853	02-26016175	
AGH164-09	欣億-東櫥164-09	03-561-8877	03-561-7979	02-26016175	
AGH164-10	欣億-台中德盟164-10	04-2528-2577	04-2522-4723	02-26016175	
AGH164-100	欣億-新煮義-164-100	02-27938826	02-27938721	02-26016175	
AGH164-101	欣億-榮成-164-101	02-27062208	02-27033358	02-26016175	
AGH164-102	欣億-德盟南投店-164-102	04-9299-3969	04-92997887	02-26016175	
AGH164-103	欣億-鼎豐-164-103	02-22933291	02-22927093	02-26016175	
AGH164-104	欣億-宜美-164-104	03-3765376	03-3765668		
AGH164-105	欣億-新石牌-164-105	02-28215813			
AGH164-106	欣億-定永-164-106	02-2293-5520	02-2293-3033		
AGH164-107	欣億-彎櫥-164-107	02-2909-8805	02-2909-9057		
AGH164-108	欣億-品安164-108	02-2618-1602	02-2618-1603		
AGH164-109	欣億-億客164-109	02-2682-2176	02-2682-2196		
AGH164-11	欣億-皇寶164-11	04-2323-6688		02-26016175	
AGH164-110	欣億-原想164-110	02-2599-6488	02-2599-6485		
AGH164-111	欣億-新綠築164-111	03-346-6699	03-346-0588		
AGH164-112	欣億-格麗斯-南投164-112	049-299-6755	049-299-6760	水槽爐子餘料保留	
AGH164-113	欣億-永竣164-113	02-26003438	02-26009975		
AGH164-114	欣億-楊廣164-114	04-24360762	04-24362291		
AGH164-115	欣億-杜先生164-115	0978-511-239	0978-660-558		
AGH164-116	欣億-吳先生164-116	0935-917-506			
AGH164-117	欣億-橋泰164-117	02-29061912	02-29042491		
AGH164-118	欣億-愛菲爾(重慶店)164-118	02-77297030			
AGH164-119	欣億-愛菲爾北大店164-119	0920-625-998	02-82629255		
AGH164-12	欣億-盛達-164-12	2211-4198	2211-1651	02-26016175	
AGH164-120	欣億-億群164-120	02-2857-1598	02-2857-1618		
AGH164-121	欣億-上德164-121				
AGH164-122	欣億-新立164-122	03-3630686			
AGH164-123	欣億-禾豊164-123	03-3168118	03-3163933		
AGH164-124	欣億-功晉164-124	02-23066757	02-23025601	02-26083493	
AGH164-125	欣億-億安164-125	02-29297730	02-29221282		
AGH164-126	欣億-永利164-126	02-28481561			
AGH164-127	欣億-百澺164-127	03-387-0555	03-388-0033	02-26083493	
AGH164-128	欣億-鈺明164-128	02-29584847			
AGH164-129	欣億-成第164-129	02-27956658	02-27956368		
AGH164-13	欣億-金廚-164-13	02-8286-7798	02-8286-7797	02-26016175	
AGH164-130	欣億-讀設計164-130				
AGH164-131	欣億-綠意164-131	02-89941188		02-26016175	
AGH164-132	欣億-弘泰164-132	0935-617-465	03-3813544	02-26016175	
AGH164-133	欣億-雲端164-133	03-5202709	03-5202710	02-26083493	
AGH164-134	欣億-櫻花長安店164-134	02-22891678			
AGH164-135	欣億-樺夏-164-135	0970-289-289			
AGH164-14	欣億-鉅馥-164-14	02-2610-7780	02-2610-7782	02-26016175	
AGH164-15	欣億-久保田-164-15	03-954-4055	03-956-5840	02-26016175	
AGH164-16	欣億-建新-164-16	02-2277-2250	02-2277-2325	02-26016175	
AGH164-17	欣億-高登-164-17	03-960-6005	03-960-6155	02-26016175	
AGH164-18	欣億-閣騰-164-18	03-5152537	03-5338823	02-26016175	
AGH164-19	欣億-新竹雅登164-19	03-523-1080	03-527-7397	02-26016175	
AGH164-20	欣億-友鉅-164-20	0952-315-969	03-4509171	02-26016175	
AGH164-21	欣億-仟美-164-21	03-3789550	03-3789553	02-26016175	
AGH164-22	欣億-喬霖-164-22	037-255035工廠 037-688989門市	037-250062工廠037-688585門市	02-26016175	
AGH164-23	欣億-邦麒-164-23	03-657-1177	03-558-3700	02-26016175	
AGH164-24	欣億-奈斯-164-24	03-471-6358	03-471-6358	02-26016175	
AGH164-25	欣億-克拉斯-164-25	03-316-1166	03-358-6970	02-26016175	
AGH164-26	欣億-奕品-164-26	03-657-6333	03-657-6173	02-26016175	
AGH164-27	欣億-晶瀚-164-27	03-3678338	03-3679825	02-26016175	
AGH164-28	欣億-根木-164-28	03-493-6631	03-402-9646	02-26016175	
AGH164-29	欣億-皇家-164-29	02-2619-4599	2619-4263	02-26016175	
AGH164-30	欣億-美岡-164-30	2601-5855	2602-2287	02-26016175	
AGH164-31	欣億-捷晴-164-31	03-534-1185~6	03-534-9313	02-26016175	
AGH164-32	欣億-嚮耀-164-32	02-2277-3944	02-2993-5887	02-26016175	
AGH164-33	欣億-和成-曜增-164-33	02-2537-3593	02-2541-7909	02-26016175	
AGH164-34	欣億-永佳-164-34	02-2309-5926	02-2304-5993	02-26016175	
AGH164-35	欣億-愛菲爾八德店-164-35	03-368-6608	03-368-6625	02-26016175	
AGH164-36	欣億-永成-164-36	03-958-1434	03-968-0411	02-26016175	
AGH164-37	欣億-亨巨-164-37	02-2509-4906	02-2505-6085	02-26016175	
AGH164-38	欣億-全家便利商店164-38			02-26016175	
AGH164-39	欣億-易昇164-39	02-2265-5335	02-2265-3434	02-26016175	
AGH164-40	欣億-上華164-40	02-28385258	02-28385259	02-26016175	
AGH164-41	欣億-東昇-164-41	02-3233-3456	02-2231-3399	02-26016175	
AGH164-42	欣億-綠鄰-164-42	02-2343-2209	02-2343-5506	02-26016175	
AGH164-43	欣億-金泰-164-43	02-2279-1677	02-2993-4469	02-26016175	
AGH164-44	欣億-宏欣-164-44	02-2297-4520	02-2297-1253	02-26016175	
AGH164-45	欣億-和成承德-164-45	02-2558-1658	02-2558-5988	02-26016175	
AGH164-46	欣億-美林陽光-164-46	02-2603-4738	02-2603-4155	02-26016175	
AGH164-47	欣億-林鑫-林邦正-164-47	0918-021-934		02-26016175	
AGH164-48	欣億-群義-164-48	02-2231-2559	02-2231-2586	02-26016175	
AGH164-49	欣億-雅格-164-49	02-2934-8150	02-2935-6741	02-26016175	
AGH164-50	欣億-漢諾-164-50	03-358-6969	03-315-1188	02-26016175	
AGH164-51	欣億-朝陽-164-51	02-2619-1066	02-2619-1067	02-26016175	
AGH164-52	欣億-日日旺-164-52	04-22110900	04-22120288	02-26016175	
AGH164-53	欣億-龍潭愛菲爾-164-53	03-480-1169	03-480-0269	02-26016175	
AGH164-54	欣億-大鼎-164-54	03-416-0598	03-416-0073	02-26016175	
AGH164-55	欣億-鑫松-164-55	02-2346-3030	02-2346-3131	02-26016175	
AGH164-56	欣億-櫻花永和中正店-164-56	02-2231-2555	02-2231-3111	02-26016175	
AGH164-57	欣億-泰昌-164-57	03-378-9505	03-378-9509	02-26016175	
AGH164-58	欣億-人穎-164-58	037-471-178	037-465-476	02-26016175	
AGH164-59		02-89285139	02-89286939	02-26016175	
AGH164-60	欣億-鋒龍	03-937-1858	03-937-1665	02-26016175	
AGH164-61	欣億-博斯	02-2528-4928	02-2528-4927	02-26016175	
AGH164-62	欣億-寬陶	03-5220227	03-5268703	02-26016175	
AGH164-63	欣億-和成-桃園縣八德市			02-26016175	
AGH164-64	欣億-原明	03-367-3058~9	03-367-2822	02-26016175	
AGH164-65	欣億-銓盛(QMA酷媽)	02-2292-6715	02-2292-7047	02-26016175	
AGH164-66	欣億-寓傢	8630-3700	8630-1382	02-26016175	
AGH164-67	欣億-雅登內湖店	02-8791-1062	02-2790-5758	02-26016175	
AGH164-68	欣億-崧江	02-2680-9633	02-2680-2160	02-26016175	
AGH164-69	欣億-東語	03-281-3338	03-495-2789	02-26016175	
AGH164-70	欣億-萊麗	02-2610-3839	02-2619-2911	02-26016175	
AGH164-71	欣億-特麗屋				
AGH164-72	欣億-愛菲爾南崁	03-2120809	03-3116967	02-26016175	
AGH164-73	欣億-巧居	03-4912379	03-4912319	02-26016175	
AGH164-74	欣億-興大店愛菲爾	03-212-0809	03-311-6967	02-26016175	
AGH164-75	欣億-宣美	03-3667788	03-3675859	02-26016175	
AGH164-76	欣億-佳德	02-26181610	02-26182033	02-26016175	
AGH164-77	欣億-您好	02-28215559	02-28219142	02-26016175	
AGH164-78	欣億-盛達	02-22114198	02-22111651	02-26016175	
AGH164-79	欣億-寶隆尼	02-26017362	02-26016175	02-26016175	
AGH164-80	欣億-愛菲爾中科店	04-24632677	04-24633677	02-26016175	
AGH164-81	欣億-天佑	02-26081828	02-26081829	02-26016175	
AGH164-82	欣億-和美	03-3333338	03-3333237	02-26016175	
AGH164-83				02-26016175	
AGH164-84	欣億-愛菲爾居家便利店	02-26710080	02-26714962	02-26016175	
AGH164-85	欣億-理想人生	02-29003285	03-3633639	02-26016175	
AGH164-86	欣億-北海	02-29754356	02-29729342	02-26016175	
AGH164-87	欣億-和成林口店	03-3287256	03-3288137	02-26016175	
AGH164-88	欣億-高弘	"02-26733267
 02-26734549"	02-26221641	02-26016175	
AGH164-89	欣億-愛菲爾南投店	049-2233221	049-2243569	02-26016175	
AGH164-90	欣億-永勝	02-25962625	02-25991469	02-26016175	
AGH164-91	欣億-愛菲爾新竹店	03-5220227	03-5268703	02-26016175	
AGH164-92	欣億-愛菲爾中壢店	03-4379770	03-4372458	02-26016175	
AGH164-93	欣億-昌杰	03-3180363	03-3180365	02-26016175	
AGH164-94	欣億-斯美家	02-28361766	02-28361768	02-26016175	
AGH164-95	欣億-和成總公司-164-95	02-26787231	02-26787232	02-26016175	
AGH164-96	欣億-晶旺-164-96	02-2646-5190	02-2646-5290	02-26016175	
AGH164-97	欣億-愛菲爾竹南店-164-97	037-551-501	037-550-328	02-26016175	
AGH164-98	欣億-撰美-164-98	02-29095958	02-29091569	02-26016175	
AGH164-99	欣億-慶豐-164-99	02-26715288	02-26725659	02-26016175	
AGI165	中歆-165AGI	04-23822242	04-23822241		
AGI165-002	水田街(中歆)	沖帳用勿刪			
AGI165-003	野村建設(中歆)				
AGI165-004	永恆之藝(中歆)				
AGI165-005	豐邑建設(中歆)				
AGI165-006	業主(中歆)				
AGI165-007	元啟建設-中歆工地				
AGJ166	國寶-166	03-3894768	03-3906625		
AGK167	阿爾法-167	03-3974990	03-3970262		
AGL168	合桂-廚與櫃-168	02-29688282	02-29666635		
AGM169	存保-169	03-6571313	03-6571138		
AGN170	舍子美學-170	02-27111383	02-27111383		
					
AGO171	美光-花蓮-171	03-8224553	03-8236906		
AGP172	艾伯特設計-172	02-27098571	02-27098149		
AGQ173	奧司卡-173	03-6568111	03-6568001		
AGR174-0	哥德-店樣	為了沖帳	為了沖帳		
AGR174	哥德-174AGR	03-4722999#602	03-4728198	Takara.panasonic	
AGR174-002	台灣松住-哥德				
AGR174-09	江陵建設-哥德	03-4722999	03-4728198		
AGR174-10	業主-哥德				
AGR174-13	哥德				
AGR174-14	淞瀚敦北文華案-哥德				
AGR174-15	富瑄建設-央二(哥德)				
AGR174-16	國揚實業吉麟段(哥德)				
AGS175	巴登-175AGS	03-3500350	03-3500978		
AGS175-001	城市實業有限公司(許先生)AGS	03-3500350	03-3500978		
AGT176	客林渥-176	02-27942588	02-27943789		
AGU177	禾亞-177ACU	03-3962906	03-3962907		
AGV178	華美廚具-178	03-4686818	03-4685403		
AGW179	好時代-179	02-27629888	02-87877373		
AGX180	TOTO衛浴-180	02-25012404	02-25012406		
AGY181	碩峰-181	02-27534651家裡	02-27695969		
AGZ182	愛菲爾-內湖店-182	02-27988276	02-27988376		
AHA183	婦王-183	07-7461131	07-7992839		
AHB184	艾美廚衛-184	04-7283449	04-7295336		
AHC185	承頁-185	02-86014894	02-86014994		
AHD186	榮成-186	02-27062208	02-27033358		
AHE187	藏薇-187	02-26105880	02-26105881		
AHE187-01	藏薇-捷晴	02-26105880	02-26105881		
AHF188	優寶-188	05-2255835	05-2252961		
AHG189	高登-189	03-9650808	03-9651001		
AHH190	成安(原金廚)190	02-82867798	02-82867797		
AHH190-001	成安門市(原金廚)	02-82867798	02-82867797		
AHH190-002	金廚190-工地	02-82867798	02-82867797		
AHH190-003	鉅盛工地--金廚	02-82867798	02-82867797		
AHI191	漢廚-191(先收錢才做)	03-3293500	03-3293502	要付全額才能下單	
AHI191-1	漢廚-李建達191-1	0975-718-598		要付全額才能下單	
AHJ192	采麗-(采驊)192AHJ	"02-26751686
 02-26836855"	02-26751687		
AHK193	伊斯達-193	0983-129-313			
AHL194	元崧-194	02-25362345	02-25367010		
AHM195	優勝-195	"工廠：06-2714519
 門市：06-2210215"	06-2712052		
AHN196	原點空間設計-196(已倒店)	02-28372555	02-28377766	已倒店	
AHO197	捷晴-197	03-5341185~6	03-5349313		
AHP198	威廉-198	02-27932491	02-27934679		
AHQ199	凱勤-199AHQ	03-3275350	03-3275348	一律收尾裝台製提籠,進口提籠收起來(沒收尾需回報)	
AHQ199-001	凱勤+村誠建設	03-3275350	03-3275348		
AHQ199-003	凱勤+門市店樣	勿刪沖帳用			
					
AHQ199-002	業主-凱勤				
AHQ199-004	鉌田建設-凱勤				
AHR200	博西-200	02-89780999	02-26579988		
AHS201	馬雅特-201				
AHT202	好利家-202	07-3438817	07-3455169		
AHU203	藝橋-203	02-29179809	02-29189555		
AHV204	德寶-204AHV(此號不要用)	02-27512131	02-27512010	#N/A	
AHV204-001	安宇-204(德寶)AHV	02-27512131	02-27512010	廚具用這個抬頭	
AGV204-002	豐傑生醫(股)-唐先生				35*29.5
AHW205	克麗斯-205AHW	02-25043737	02-25175040	無電梯搬運費 3F起算	
AHW205-006	業主-克麗斯				
AHX206	竹興-206	02-22181100	02-22183077	(先收款再出貨)	
AHY208	全鴻-208AHY	037-277368	037-279259		
AHY208-001	業主維修(全鴻)				
AHZ207	興格-207AHZ	02-26209610	02-26202678		
AIA209	建都-209				
AIB210	巨量-(和成-承德)210	02-25581658	02-25585988		
AIC211	益昌211AIC	02-89285139	02-89286939	蘇老闆	
AIC211-01	益昌兒子211-01AIC	02-22312555	02-22313111	櫻花系統 蘇老闆大小兒子(結帳對益昌)	
AID212	德邑-212	07-7172168	07-7166816		
AIE213	和築-213	02-86261235	02-86262907		
AIF214	崧江-214	02-26809633	02-26802160		
AIG215	合野(撰美)-215AIG	02-22781199	02-22781159		
AIG215-002	合野木業(門市)	02-22781199			
AIH216	德爵國際-216	04-36095025	04-24529257		
AII217	阡荷-217	02-27055123	02-27055223		
AIJ218	喜恩-218	02-26867398	02-26757536		
AIK219-取消	愛菲爾-經國店-219	03-5220227	03-5268703	取消	
AIL220	弦鉅設計-220	02-82602021	02-22600288		
AIM221	傑立-221AIM	03-3558958	03-3558676		
AIM221-01	傑立-周先生221-01	0989-653-212			
AIM221-02	傑立-曾先生221-02	0955-591-840			
					
AIM221-004	黃伊民-傑立AIM221-04				
AIN222	樊小姐-222	0936-588-055	02-88094168		
AIO223	歐迪亞-223	06-2555357	06-2477092		
AIP224	恆菓設計-224	03-6587983	03-6587985		
AIQ225	斯美特-225	02-22762866	02-22763887		
AIR226	建新-226	02-22772250	02-22772325		
AIS227	吉富-227	02-29047795	02-29047834		
AIT228	朝陽-228AIT	02-2619-1066	02-2619-1067		
AIU229	晉亨(紅舍)-229	07-6318-118	07-6311-995		
AIV230	愛菲爾南崁-采邑幸福空間230AIV	03-2120809	03-3116967		
AIW231	喬霖-231AIW	037-255035早上	037-250062	03-7688989下午電話	
					
AIX232	興航實業(股)-232AIX	03-3241746	03-3245070		
AIY233	金泰-233AIY	02-22791677	02-29934469	水槽做大斜邊	
AIZ234	美樂家-234	04-25361399	04-25363008		
AJA235	僕人建築空間-235	03-4533886	03-4533843		
AJB236	慶豐生活館-236	02-26715288	02-26719288	徐S	
AJC237	佳德-237	02-26181610	02-26182033		
AJD238	克拉斯-238	03-3161166	03-3586970	水槽做大斜邊+檯面61深	
AJE239	長晏-239	06-2632323	06-2630307		
AJF240	天佑-240	02-26081828	02-26081829		
AJG241	巧婦人-德盟南投店-241	04-92993969	04-92997887		
AJH242	比登-242	02-29007075	02-29007096		
AJI243	曼亞-243	03-4566639	03-4566539	水槽做大斜邊	
AJI243-001	跟業主收款(曼亞)	為了沖帳用			
AJJ244	雅格-244	02-29348150	02-29356741		
AJK245	愛菲爾中壢店(奇恩)-245AJK	03-4379770	03-4372458		
AJL246	晶瀚-246AJL	03-3678338	03-3679825	水槽爐子餘料保留	
AJL246-001	業主維修+晶瀚	沖帳用			
AJM247	日日旺-247	04-22110900	04-22120288		
AJN248	雅藝-248AJN	03-5572868	03-5572858	見光磨5mmR角  *水龍頭 照原稿*	
AJN248-002	業主維修+雅藝	沖帳用			
AJO249	光華-249AJO	02-23215488	02-33931469		
AJP250	玖大-泰興250	02-22171672 玖02-82751905	02-22170380	02-22754695	
AJQ251	歐坊251	02-26583638	02-26583885		
AJR252	宜美252	03-3765376	03-3765668		
AJS253	奇沃253AJS	02-29315518	02-29313386		
AJT254	齊心設計254	02-35017653	02-89706513		
AJU255	永成255AJU	03-9606152~3	03-9508074	酷媽防蟑-對圖要問	
AJU255-001	業主維修+永成				
AJV256	您好256	02-2821-5559	02-28219142		
AJW257	傑紅257AJW	03-3285591	03-3285593	112-06-05搬家	
AJX258	人穎258AJX	037-471178	037-465476		
AJY259	茲榆259	02-28381016	02-28381025		
AJZ260	鼎豐260	02-2293-3291	02-82926634		
AKA261	京御坊261	02-82732517	02-22621308		
AKB262	家和262	02-27914872	02-27945372		
AKC263	偉辰263AKC	02-26187309	02-26187308		
AKD264	鑫家-愛菲爾-酷媽264	037-320826	037-326882		
AKE265	永聖(義彩)265AKE	02-27972737	02-27976337		
AKF266	博斯266	02-25284928	02-25284927		
AKG267	晶旺267	02-26465190	02-26465290		
AKH268	宣美268AKH	03-3667788	03-3675859	龍頭底部要墊石材	
AKI269	美加家居269AKI	02-82522683	02-82522681		
AKJ270	奈斯270AKJ	03-4880057	03-4880067		
AKK271	好家271	02-22700031	02-22700713	要收尾	
AKL272	東昇272	02-3233-3456	02-2231-3399		
AKM273	元大273	04-2533-3398	04-2534-8521		
AKN274	昌杰274	03-3180363	03-3180365		
AKO275	東櫥275	03-5618877	03-5617979		
AKP276	斯美家276AKP	02-28361766	02-28361768		
AKQ277	鋒龍277	03-937-1858	03-937-1665		
AKR278	辰翰278	02-2908-1250	02-2908-1370		
AKS279	可風工程279	02-27396048	02-27396088		
AKT280	鋒懋280	02-2736-3304	02-27373479		
AKU281	健康281	037-377980	037-377970		
AKV282	高華282	08-7537180	08-7512591		
AKW283	盛達283	02-22114198	02-22111651		
AKX284	燦博284	06-2781588	06-2782997		
AKY285	彎櫥285	02-29098805	02-29099057	水槽做大斜邊	
AKZ286	維也納286	2947-8890	2941-9965		
ALA287	寶隆尼287	0928-234-851	02-2731-7898		
ALB288	新寶288	03-3269922	03-3283290		
ALC289	薇格289	02-22762790	02-22762670		
ALD290	和岳豐290	02-26462119	"02-26463116公
 02-27978396住"		
ALE291	藝想家居(小白)291	03-5588681	03-5588682		
ALF292	原創292	02-26089061~2	02-26089063		
ALG293	橙風293ALG	0917-066-366	02-25584012		
ALG293-001	橙風門市	0917-066-366	02-25584012		
ALH294	歐特利294	04-26781088	04-2687-6088		
ALI295	和美295	03-3333338	03-3333237		
ALJ296	陽光美林296	02-2603-4738	02-2603-4155		
ALK297	金門日盛297	082-331964	082-332438		
ALL298	歐斯康298ALL	02-26959591	02-26956130		
ALM299	新思299	02-25771089	02-25787053		
ALN300	新石牌300	02-28215813			
ALO301	慶聯301(1141127峻砷說拒絕往來戶)	04-22471313/04-25371313(廠)	04-25370381	04-22471234	
ALP302	豪葳302	07-6166947	07-6166949		
ALQ303	台中德盟303	04-25282577	04-25224723		
ALR304	德奧304	02-87525006	02-87523488		
ALS305	原砌-阿文305	02-25000267	02-25000276		
ALT306	日昌306	02-26814519	02-26827346		
ALU307	采鋒307ALU	02-86723541	02-86726401	0925-761-771	
ALV308	悅聖308	02-26015241	02-26014331		
ALW309	千昱309	02-26187936	02-26187938		
ALY311	里昂311	02-29096689	02-29098088		
ALZ312	東溙312	02-22978898	02-22978998		
ALS312-01	東固312-01	02-29090773			
AMA313	原想313AMA	02-27527755	02-27520055		
AMB314	綠意314	02-89941188	02-89945072		
AMC315	原明315AMC	03-3673058~9	03-3672822		
AMD316	安家316	03-5554222	03-5538652		
AME317	禾久317	02-82510938	02-22531931		
AMF318	宏欣318	02-22974520	02-22971253		
AMG319	鴻基傢俱319	03-3274946	03-3274851		
AMH320	億客320	02-2682-2176	02-2682-2196	莊R,許S	
AMI321	禾陽321	02-26181230	02-26181378	02-26181378	
AMJ322	博儀322				
AMJ322-01	陳文彥-博儀322-01	0936-194-237	02-22408384		
AMK323	欣和光323	0955-159-168	03-3220911		
AML324	勤龍324	03-5537755	03-5537722		
AMM325	清禾設計325	02-27423957	02-27423958		
AMN326	嚮耀326	02-22773944	02-29935887		
AMO327	思維設計327	04-23205720			
AMP328	零二設計328AMP	02-27928398	atelier02@gmail.com		
AMQ329	定永329	02-22935520	02-22933033		
AMR330	吉姆廚具330		02-29299850	0910-380-797	
AMS331	興富發331	02-27555899	02-27555988		
AMT332	普拉爵332	0921-987-262	02-87322689		
AMU333	信昌廚具333	03-9601609	03-9500529	水槽爐子餘料保留	
AMV334	宇豐堂334	03-4786328	03-4883126	客戶要餘料/水槽特殊下崁	
AMW335					
AMX336	遠企336AMX	02-29680002	兩份02-29675555		
AMX336-1	遠企-黃士瀚336-1AMX	0984-466-052			
AMX336-000	遠企保留款	沖帳用勿刪			
AMX336-001	遠企-竹城宇治	為了沖帳編的-勿刪			
AMX336-002	遠企-竹城建設+甲子園	為了沖帳編的-勿刪			
AMX336-003	遠企-麗江樂芙	為了沖帳編的-勿刪			
AMX336-004	遠企-清大御璽	為了沖帳編的-勿刪			
AMX336-005	業主維修(遠企)	為了沖帳編的-勿刪			
AMX336-006	遠企-竹城明治	為了沖帳編的-勿刪			
AMX336-007	遠企-富都欣	為了沖帳編的-勿刪			
AMX336-008	遠企-寶聚	為了沖帳編的-勿刪			
AMX336-009	遠企-徐匯棧	為了沖帳編的-勿刪			
AMX336-010	業主維修(遠企)	為了沖帳勿刪			
AMX336-011	遠企-花園綻	為了沖帳編的-勿刪			
AMX336-012	遠企-金雅路+竹慶建設	為了沖帳編的-勿刪			
AMX336-013	遠企-三重永福街+東村建設	為了沖帳編的-勿刪			
AMX336-014	遠企-八方藝墅	為了沖帳編的-勿刪			
AMX336-015	遠企-竹慶建設-金農路	為了沖帳編的-勿刪			
AMX336-016	遠企-金叡建設	為了沖帳編的-勿刪			
AMX336-017	遠企-佳宸建設	為了沖帳編的-勿刪			
AMX336-018	遠企-欣樸綻	為了沖帳編的-勿刪			
AMX336-019	遠企-金玖建設	為了沖帳編的-勿刪			
AMX336-020	遠企-竹城玉川	為了沖帳編的-勿刪			
AMX336-021	遠企-弘盛建設	為了沖帳編的-勿刪			
AMX336-022	遠企-竹慶同理	為了沖帳編的-勿刪			
AMX336-023	遠企-金叡-竹慶建設	為了沖帳編的-勿刪			
AMX336-025	竹城善捷段龜山-遠企	為了沖帳編的-勿刪			
AMX336-026	竹城建設晴川-水汴一路(遠企)				
AMX336-027	竹城中州(遠企)	為了沖帳編的-勿刪			
AMX336-029	冠軍營造-鶯桃路(遠企	為了沖帳編的-勿刪			
AMX336-030	豐采建業(南雅路)	為了沖帳編的-勿刪			
AMX336-030-01	吉晟建設(仁安街)遠企	為了沖帳編的-勿刪			
AMX336-028	富晟科技新生北路	為了沖帳編的-勿刪			
AMX336-031	廚房先生336-031AMX	Line群	Line群		
AMX336-031-01	業主維修(遠企)	為了沖帳編的-勿刪			
AMX336-030-02	頂富建設(遠企)	為了沖帳編的-勿刪			
AMX336-030-03	竹城建設豐洲(遠企)	為了沖帳編的-勿刪			
AMY337	力晶337	04-23392911	04-23390150		
					
AMZ338	伊凡338	02-26752733	02-26752732		
ANA339	昕程339	04-22153209	萱/伊雯line	陳先生0933542754	
ANB340	特力屋-北區物流340ANB	02-26799615	02-26798176	★若有搬運上樓，需收樓層費★	
ANB340-001	特力屋-中南區340-001ANB	08-7519616黃小姐	08-7512102	中區出貨徐R0932-631-562 南區施S	
ANB340-002	特力屋-北區340-002ANB	02-87916668	02-87911449		
ANB340-003	特力屋-中區340-003ANB	04-25348815	04-25347280	林小姐	
ANB340-007	紙本發票(特力屋)	為了沖帳用勿刪			
ANB340-008	業主-特力屋				
ANB340-009	差異帳-特力屋				
ANB340-010	門市擺樣				
ANC341	庭瑞341	02-82005880	02-82005881		
AND342	威尼可實業有限公司	02-23770909	02-23774889		
ANE343	維鴻343	02-82950019	02-22951911		
ANF344	賀順344	03-5316871	03-5316831		
ANG345	魔幻廚房(熊爸爸)345	02-25991276	02-25971039	Clean up	
ANH346	上華346	02-28385258	02-28385259		
ANI347	龍潭愛菲爾347(雅格)ANI	03-4801169	03-4800269		
ANI347-002	匠壕-龍潭門市				
ANJ348	群義348	02-2231-2559	02-2231-2586		
ANK349	裕傢廚具工廠349ANK	02-86303700	(LINE)02-86301382	廖小姐	
ANL350	鈅龍350	02-26942928	02-26942927		
ANM351	維豐351	02-22708657	02-22739395		
ANN352	歐美佳352(改名為永競)	02-26649512	02-26646729		
ANO353	石秀(雅登-苗栗)353ANO	037-366600	037-370986	矽利康要用防霉的	
ANP354	北極熊354	02-29310585	02-29310565		
ANQ355	愛菲爾經國(新竹)店355ANQ	03-5220227	03-5268703		
ANQ355-001	愛菲爾永安店(鴻舍)355-001ANQ	03-368-6608	03-368-6625		
ANQ355-002	愛菲爾板橋店355-002ANQ	02-82510598	02-82511395		
ANQ355-003	愛菲爾新莊店355-003ANQ	02-89932288		黃先生0988-530-623	
ANQ355-004	愛菲爾新店店355-004ANQ	02-22116888	02-22118099	洪先生	
ANQ355-005	愛菲爾竹南店355-005ANQ	037-551-501	037-550-328		
ANQ355-006	愛菲爾中和店355-006ANQ	02-86687336	02-86687335		
ANQ355-007	愛菲爾平鎮店355-007ANQ	03-4939971-2	03-4939973		
ANQ355-008	愛菲爾民生店355-008ANQ	02-25362255	02-25363377		
ANQ355-009	愛菲爾竹北店355-009ANQ(899BIK)	03-5502089	03-6582758		
ANQ355-010	愛菲爾蘆洲店355-010ANQ	02-22884659	02-82856941		
ANQ355-011	愛菲爾新板特區355-011ANQ	02-89535922	02-89645955		
ANQ355-012	愛菲爾埔墘店355-012ANQ	02-29520003	02-29522600	童詩穎0927-009-000	
ANQ355-013	愛菲爾永和店355-013ANQ	02-29235177	02-29235077	朱喬安0916-591-899	
ANQ355-012-S	門市埔墘店355-012ANQ	沖帳用			
ANR356	築邑室內設計有限公司356	03-3601939	03-3601935		
ANS357	珍綋357	07-7902169	07-7902163		
ANS357-001	業主維修+珍綋	沖帳用			
ANT358	木匠358	莊先生0932-133-238	02-89933255		
ANU359	宏潮359	02-26003989			
ANV360	鈺明360ANV	02-29584847	02-29547276	周太太0916-157-903	
ANV360-002	鈺明門市				
ANV360-001	業主維修(鈺明)				
ANW361	帝廚361	04-27073157	04-27073159		
ANX362	奇米362	02-23253245	02-23253329		
ANY363	名展363ANY	03-4363583	03-4363582	"何先生0989-035147
前沿都做斜角"	
ANZ364	雅光364	02-27965858	02-27965878		
AOA365	景漾365	03-3778634	03-3758255		
AOB366	雅居366	06-2661064	06-2669550		
AOC367	松華367	02-25517700	02-25517280		
AOD368	貴妃368	06-598-3588	06-597-0340		
AOE369	久保田-369AOE	03-954-4055	03-956-5840		
AOF370	生格設計370AOF	02-27736266	02-27727525		
AOG371	金湛設計371	03-3381735	03-3344154		
AOH372	台灣康勵372AOH	03-4791000	03-4790112		
AOI373	溫馨373AOI	03-4851960	03-4851961		
AOJ374	首閣設計374	02-267733382	02-26784616	鄭R0939-158-815	
AOK375	大友375	05-2226284	05-2243007	0972-018-402	
AOL376	龍瑩376	02-89702766	02-35017557		
AOM377	一間設計377	02-25636060	02-29436091	陳S0937-467-692	
AON378	邑品378AON	0958-581-488		江先生	
AOO379	美佳利379	03-3891047	03-3906430	張先生0935-261-417	
AOP380	桃園優室380AOP	03-2205511	03-2206611		
AOQ381	程沃381	02-29188689	02-29188685		
AOR382	瑋鉅382	02-22737525		莊小姐0952-977-525	
AOS383	喜萊登383	02-87883186	02-87894069	吳坤寶0932-035-104	
AOT384	好事通384	03-2115596	02-22365990	孟憲政0933-039881	
AOU385	鴻鼎385	02-22972245	02-22970821	李甫汶0986-008-441	
AOV386	遠泰386AOV	02-25988149	02-25989304		
AOW387	泳美387	03-4900908	03-4201690		
AOX388	鑫盈388	0917-261-543	03-3211482	吳存達0917-261-543	
AOY389	雄鋒廚具389	08-7967779	08-7962002		
AOZ390	泳欣390	03-4851212	03-4851919		
APA391	鼎軒391	02-28319436	82853650	郭R0958-268-550	
APB392	嬌妻-楊梅392	03-4757516	03-4856378		
APC393	新台豐393	03-3590800		鄭S0919-957-729	
APD394	家康家具394	02-85312681	02-85312682		
APE395	卓林設計395	02-29900077	02-29929731		
APF396	高登徠396APF	02-87717213	(傳LINE)02-27116050	需收尾、一律對紋價 .不要金牌	
APF396-001	門市-高登徠門市				
APG397	台灣儷寶397APG	02-22915404	02-22911072		
APH398	立詮398APH	02-29878877	LINE群		
APH398-002	業主維修				
API399	里安399	02-27183280	02-27183285		
APJ400	楷立400	02-85311377	02-85317182		
APK401	太丞設計401	03-5724699	03-5723053		
APL402	天釧402APL	陳's0919-335-131	斌line	陳's0919-335-131	
APL402-S	門市天釧				
APM403	新亞403	0958-011-555			
APN404	弘展404	02-29222022	02-86608288		
APO405	翰創405	02-29018199	02-29088095	謝R0926-747-033	
APO405-01	翰創-二手商行405-01	0935-624-956	02-23684094		
APP406	觀鼎設計(帥易)406	03-5311947	03-5337698		
APQ407	湧銓木業407APQ	03-5561348	03-5560348	不要附金牌 需收尾	
APQ407-001	業主維修(湧銓)				
APR408	克里夫408	02-27611961	02-27615601		
APS409	正大廚具409	03-3201814	03-3500046		
APT410	陵廣410	02-29219917	02-29210582		
APU411	現代廚具衛浴411	"02-27364380
 02-27363450"	02-27322308		
APV412	雨果工程412	02-27033355	02-27030506	陳S0921-214-425	
APW413	默契空間設計413APW	03-6672182	03-6673782	回簽只認邱先生	
APW413-002	默契-吳小姐				
APW413-003	業主維修-默契				
APX414	金禾414	04-25380708	04-25380109		
APY415	根木415APY	03-4936631	03-4029646		
APZ416	全久營造416	03-3705789	03-3705759		
AQA417	理想人生417AQA	03-3633521	03-3633639	takara	
AQB418	羽洋418	02-86856618	02-86856618		
AQB420	澄樂420	02-29900602	02-29900603		
AQC419	鉅馥419AQC	02-2292-5577	02-2292-5532		
AQC419-001	鉅馥門市				
AQF421	博德421AQF	03-3841666	03-3854120		
AQG422	雅緻422	03-7671161	03-7683435		
AQH423	笙馥423	02-82921928-9	02-8292-1927		
AQI424	致捷424	02-27382692	02-27386616		
AQJ425	貝斯特425	03-4015080	03-4010976		
AQK426	承暉426	03-3250458	03-3136076		
AQL427	惠宇427	02-85311678	02-85311567		
AQM428	愛菲爾-新店(清騰)428AQM	02-29189333	02-29189660	105.04.11改電話,以後都用這支電話	
AQN429	選和(前梵伊登)429	05-3701385			
AQN429-001	選和				
AQO430	昕昇430AQO	02-89510826	02-22210051	水槽凸0.2	
AQP431	恆泰431AQP	02-27985638	02-27985627	收全額才能下單	
AQP431-002	恆泰(工地)	為了沖帳用勿刪			
AQQ432	查理432	0936-271-703	02-26835342		
AQR433	煌朝433AQR	02-26187580	02-26187590		
AQS434	A&I建築設計434	03-5588885-6	03-5588883		
AQT435	億安435AQT	02-29297730	Line群	收尾 + 爐子紙箱帶回	
AQT435-001	業主(維修)-億安	沖帳用勿刪			
AQU436	奇郲436AQU	02-28239097	02-28218849	!!!龍頭底部要墊石材	
AQV437	禾旺437AQV	02-26107779	02-26104779		
AQW438	雋凱438AQW	037-613153	037-613593		
AQX439	綠筑-武慶門市439	07-7139981	07-7169981		
AQY440	北海廚具440	02-29754356	02-29729342		
AQZ441	吉昌櫥櫃441	03-5593548	03-5574436		
ARA442	品果442ARA	03-4570780	03-4580572		
ARA442-1	品果442-1桃園店	03-3336678	03-3356689		
ARB443	鋐川櫥櫃443	0921-801-224	02-86856618		
ARC444	磐石444ARC	02-27850772	02-27856623		
ARD445	明清445	02-27203298			
ARE446	台灣廚具446ARE	03-9229262	03-9229263		
ARF447	臻力(台灣綠鄰三民店)447	03-3310301	03-3312716		25*30
ARG448	雲端設計448	0920-520-882	03-5202710		
ARH449	明美廚櫃449ARH	02-2602-7722	02-2602-1722		
ARI450	優貝斯450	02-25118752	02-25118753		
ARJ451	萊薇廚具451ARJ	02-26013331	02-26016551		
AJR451-000	門市+萊薇	02-26013331	02-26016551		
ARK452	麗福名廚452	02-89918353	02-89919810	02-89919810	
ARL453	新夢想453ARL	02-22919891	02-22919893		
ARM454	米克454ARM	02-29328648	02-29327712		
ARN455	文禮455	02-22979116	02-22979326		
ARO456	億群456	02-28571598	02-28571618		
ARP457	淞陽457ARP	03-4072878	03-4072778	孫先生0919-916757	
ARQ458	一澤458ARQ	02-22981000	02-22981020	02-22981010主管傳真	
ARR459	奕德櫥具459	05-2251970	05-2223206		
ARS460	茂邑衛廚460ARS	02-25991858	02-25992333		
ART461	格陵461	03-3895815	03-3895881		
ARU462	人工室內裝修462	02-25168300	02-25156211		
ARV463	仕虹463ARV	02-25911224	02-25911450	業務林r 0987-356898	
ARW464	三合464ARW	02-85315926	02-85315922		
ARW464-002	業主維修(三合)				
ARX465	致高465ARX	03-3274639	03-3274813		
ARY466	臻奇466ARY	02-28102250	02-28102248		
ARY466-001	業主維修(臻奇)				
ARZ467	迪諾467ARZ	02-25026000	02-25006655	隔熱墊全交給業務處理	
ARZ467-001	丰嶺建設龜山段(迪諾)	為了沖帳勿刪	為了沖帳勿刪		
ASA468	卡萊登468	02-26950599	02-26951070		
ASB469	宏淇469	03-5557317	03-5557327		
ASC470	名屋(愛家)470	03-4634698-9	03-4355222		
ASD471	彩舍(旗艦店)471	02-24280920	02-24252762		
ASE472	郁禾設計472	0975-705-853	03-5337670		
ASF473	雅魯473ASF	03-5505558	03-5505557		
ASG474	僑御474	02-89518519	02-89518690		
ASH475	雅典娜475	03-4531578	03-4531911		
ASI476	歐士476(華欣)ASI	02-22127022	02-22112561		
ASI476-001	業主-歐士				
ASJ477	冠昕477	05-5351159	05-5351169		
ASK478	楓彩478	02-25860355	02-25860377		
ASL479	意匠家479ASL	02-26780575	02-26704711		
ASM480	盛塘(歐廚)480	04-25626125～6	04-25622875		
ASN481	濱瑪481	03-2161296	03-2160971		
ASO482	益聖482	03-3759333	03-3749333		
ASP483	九兆483	02-26108321	02-26108421		
ASQ484	景緻484	03-6685911	03-7683435	劉'R0910-519-696	
ASR485	大發485		02-27011367		
ASS486	錸馬斯特486	02-86633350	02-86633370		
AST487	青禾487	02-29005558	02-29005556		
ASU488	合美488	02-29685077	02-29685099		
ASV489	益萊489	02-2602-7223	02-26027281		
ASW491	陸暘491ASW	03-6581666	03-6581598		
ASX492	吾思國際492ASX	02-2368-5166	02-2368-5176	劉欣 0930-475-727	
ASY493	易而美493ASY	03-3613823	03-3633155		
ASY493-002	易而美創意室內-發票抬頭	沖帳用勿刪			
ASZ494	修梵494	02-86671800	02-86671700		
ATA495	安庭495	02-25329275	02-25329260		
ATB496	海勒496	03-9328088	03-9328077	水槽都做斜邊(賽麗石除外)	
ATC497	橄欖樹497	02-22887749	02-22888495		
ATD498	頡合498	02-27193088	02-27193089		
ATE499	鈺禮499	02-26706295	02-26781097		
ATF500	柏德500ATF	02-32340777	(LINE為主，不傳真)02-32340555	皆須收尾/圖面LINE群組	
ATF500-002	門市店樣(柏德)				
ATF500-001	業主收款				
ATG501	富方501	02-86933709	02-8693-2405		
ATH502	國揚502ATH	03-4850495	03-4853520		
ATI503	佰澺503	03-3231291	03-3231251	王'R0935-345-443	
ATJ504	歐匠504ATJ	03-5509788	03-5505672		
ATK505	雅第505	03-9353033	03-9353219		
ATL506	雨辰506ATL	02-86751937	02-86751949		
ATM507	欣樂507ATM	葉先生0955139359  02-28851245	02-28859726	提籠要打矽利康	
ATM507-01	門市欣樂				
ATN508	正邦508ATN	02-26955408	02-26958679		
ATO509	歐德509ATO	02-28831108	02-28836238	林小姐0973-651-656	
ATP510	邑林510ATP	03-4617782	03-4617782	0936-633-357	
ATQ511	齊岩設計511	02-26095046	02-26097535		
ATR512	永暉廚具512ATR	02-22028309	02-22041608	廖先生.黃小姐	
ATR512-002	業主維修(永暉)	為了沖帳勿刪			
ATS513	奧士歐室內設計513	02-29103605	02-29103607		
ATT514	歐築514ATT	02-29311380		崔天龍0980-131-133	
ATU515	金和515	02-86305077	02-86303320	蔡先生0918-977-401	
ATV516	鴻騏516	02-2943-0498	02-8668-8196	蕭漢傑0933-914-245	
ATW517	楙得517ATW	03-6684158	03-6684997	Clean up	
ATX518	六匠制作518	03-3907243	03-3907525	江韻文0937-112-163	
ATY519	寬逸設計519ATY	02-27995776*12	02-27990779	王冠閔0978-637-101	
ATZ520	建庭廚具520	02-26106399	02-86301377	張月華0928-560-579	
AUA521	言溢歐化521	02-26815545	02-26815546		
AUB522	原器設計522	02-27722280	02-27722180	顧先生0933-851-568	
AUC523	康洲工程523AUC	03-960-5373	03-960-5348	吳武洲0958-629-668	
AUD524	第凡設計524AUD	02-25795907	02-25793285	吳先生0932-213-445	
AUE525	茗匠525AUE	03-6572323	03-6572133	蕭錡又0958-200-355	
AUE525-001	茗匠-店樣				
AUF526	喻皓工務-積木526AUF	03-5505583	03-5506083	吳先生 0911-483-800	
AUG527	愛之衛527AUG	02-2282-0555	02-2282-2503		
AUH528	朗璟設計工程528	02-22103307		陳小姐0912-197-876	
AUI529	康庭529AUI	02-89210880	02-89210881	陸小姐0928-243-352	
AUI529-001	居庭工程有限公司				
AUI529-002	康庭-陸小姐529-002AUI	0928-243-352			
AUJ530	立昕設計530	02-25091011*105	02-25091022	林先生0953-010-905	
AUK531	三梘設計531AUK	02-23633800	02-22347091	陳威穎0921-664-490	
AUL532	興寶廚具532AUL	02-26793255	02-26705255	秦先生0953-329-396	
AUM533	信誼533	02-25012404~5	02-25012406		
AUN534	勝寓企業534	07-3522489	07-35189420		
AUO535	居易535	02-28100979	02-28100886		
AUP536	澤新536	02-25772650	02-25772750		
AUQ537	築辰537	02-25719911	02-25713535		
AUR538	雅非凡538AUR	02-28581826	02-28581660		
AUS539	上盈石材539	02-27282261	02-27282262		
AUT540	禾羚設計540	03-2830033	03-2830505		
AUU541	天合541AUU	03-9505757	03-9601507	謝'S 斜角 陳'S 圓角	
AUU541-002	業主-天合	沖帳用勿刪			
AUU541-003	謝小姐-天合				
AUU541-004	天力門市	沖帳用勿刪			
AUV542	勤祥542	02-86710858	02-86710859	李小姐0989-850-119	
AUW543	阿諾克543	02-82955277	02-82955287	林俊呈0937-030-240	
AUX544	星寶廚具544	03-9354351	03-9362628		
AUY545	昇陽545	02-28482880	02-22888068		
AUZ546	吉豪546	02-27298449	02-87804763	許世虎0928-827-228	
AVA547	歐櫥-羅東547	03-9577877	03-9558279	吳皓0987-400-351	
AVA547-01	歐櫥-宜蘭547-01	03-9253920	03-9251019		
AVB548	澄美548AVB	03-3350862	03-3350863	電話對圖打門市	
AVB548-000	澄美門市	03-3350862	03-3350863		
AVC549	汶羲549AVC	02-28825613	02-28825618	楊鎮福0936-042-372	30*15
AVD550	科勒550	02-25818196*159	02-25818193	郭怡妏0921-565-451	
AVE551	悅安551AVE	02-82588580	02-82588560	clean up 龍頭下方需墊石材	
AVE551-003	業主維修(悅安)				
AVE551-004	悅安(對業主請款開發票)				
AVF552	蕎格552	04-7203579	04-7203579	林明志0931-655-291	
AVG553	台灣歐德-樹林店553	02-2685-1738	02-2685-1708	李莉華0983-607-206	
AVH554	泰然554	02-27599668	02-27596188		
AVI555	富爾康555	03-4335919	03-4335919	傅國峻0927-156-199	
AVJ556	林展旗556	02-86601337	02-86601338	林怡菁0920-745-945	
AVK557	英甲設計557AVK	03-4383478	03-4383479	曾威宇0915-661-878	
AVL558	祺樺558AVL	02-8797-6196	02-8797-6176	陳倩妮經理0970-078-920	
AVM559	積禾559	02-27966158	02-87929768		
AVN560	濟緻560AVN	02-27968550	02-87914676		
AVN560-001	業主維修(濟緻)	為了沖帳勿刪			
AVN560-002	吳偉文(原濟緻)560-002AVN	0961-166-880			
AVO561	渥爾夫561AVO	03-9332990	03-9332991		
AVO561-001	業主-樂米-櫻花蘭陽561				
AVP562	如誠562	03-5323115	03-5356886	何如誠建築師事務所-梁金蘭0933-264-896	
					
AVQ563	禾川563	03-5506066	03-5506366	陳雋澔0982-398-339	
AVR564	元典設計564AVR	02-25237113	02-25238773		
AVR564-01	業主維修-元典設計				
AVS565	琴寶565AVS	03-3292031	03-3209617		
AVT566	綠的國際-北區(北北基)566	02-86301800	02-26105078採購詹s		
AVT566-2	綠的國際-中區(新竹+台中)566-2	04-25600890	04-25608372	李小姐	
AVT566-1	綠的家具-重慶店566-1AVT	02-25559771	02-25559717		
AVT566-3	綠的家具-中興店566-3AVT	02-89199098	02-89199108	王相斌0986-390-191	
AVT566-04	業主維修-聖紘566-04				
AVU567	婕森空間設計567	03-6663815	03-6663816	吳忠益0955-832-651	
AVV568	采品室內設計568AVV	03-2184282	03-2184282	盧慧珊0939-206-100	
AVW569	貝拉精品廚飾569AVW	03-9659965	03-9658965	0953-228-010林'R要餘料	
AVW569-001	門市+貝拉				
AVX570	賀澤570	03-6681222	03-6681333		
AVY571	月光設計571	02-26911472	02-26911472	林小姐0919-193-419	
AVZ572	百藝572AVZ	03-3678665	03-3678758	0912-222-515	
AWA573	美久573AWA	02-27603777	02-27603899	0935-326-567	
AWB574	台灣松下營造	02-22903980	02-22903985	曾小姐170	
AWB574-001	台灣松下營造-三重				
AWC575	羽筑設計(系統櫃)575AWC	03-5501946	03-5502180	鄧R 0955518318	
AWC575-001	羽筑設計-門市	03-5501946	03-5502180	鄧R 0955518318	
AWC575-002	久田-羽筑(系統櫃)575-002	03-5501946	03-5502180		
	羽筑設計-門市	0937-019-909		柯富霖0937-019-909	
AWE577	大永設計577AWE	02-26498298	02-26496398		
AWF578	雯森室內設計578AWF	0955-028-616	02-29212075	詹景雯	
AWG579	成舍企業579	02-87720899	02-87725699		
AWG579-01	成舍企業579-01承德AWG	02-25561177	02-25584694		
AWH580	台灣餘弦580	02-2711-5728*17			
AWI581	吳將星室內裝潢581	0932-128-946			
AWJ582	工一設計582AWJ	02-2709-1000	02-2709-3939	陳威辰0928-417-566	
					
AWJ582-001	工一設計-敦化南路	沖帳用勿刪			
					
AWL584	鼎盛嘉584AWL(格麗斯成功店)	02-27935802	Line莊's		
AWL584-00	鼎盛嘉584(門市店樣)	沖帳用勿刪			
AWM585	大荷設計585AWM	02-27090089	02-27090216		
AWN586	孕育設計586	0917-601-157		洪先生0917-601-157	
AWO587	一格587	0933-993-446		陳倖軍0933-993-446	
AWP588	拾悅設計588	0937-176-938		陳筱蓓0937-176-938	
AWQ589	新傑創設計589	02-26290069	02-26297512	洪又升0910-016-870	
AWR590	爾聲設計590			陳玟婷	
AWS600	吉詠600	02-27941131	02-27941151		
AWT601	立英裝潢601	02-82601408	02-82601409	翁茂宜0937-954-695	
AWU602	久木設計602	02-26098886	02-26009886	姜薇0975-286-012	
AWV603	沐藝603AWV	0926-238-029		蔡逸萱0926-238-029	
AWW604	克特604	02-22935800	02-22933593		
AWX605	舒曼(桃園店)605AWX	03-3575653	03-3587473		
AWX605-002	舒曼(青埔店)605-002AWX	03-2870681	03-2876698		
AWX605-001	門市-舒曼				
AWZ607	回向設計有限公司607	02-2523-1508		林先生0952-580-003	
AXA608	奇建608	02-26084313	02-26084393	許漢興0983-033-311	
AXB609	硯寛609	03-3561180	03-3565571	許尹珊0973-008-051	
AXC610	順福610	0973-685-210		李安佳0973-685-210	
AXD611	活創意611AXD	0926-296-493		teleah61@gmail.com	
AXE612	廖茹屏612	0952-501-107			
AXF613	喬景613-蘇成介紹	03-6673990	03-6673960		
AXG614	福元614(誠鑫)AXG	0981-297-500		游先生	
AXH615	牧群615	06-335-9985		馬先生0939-597-887	
AXI616	雷昆空間616	0939-014-872			
AXJ617	禾亞(安磊設計)617	02-2926-7666		0928-549899李先生	
AXK618	王樣室內設計618	04-2473-2508	04-24739735	0932-029-350	
AXL619	冠璟室內設計619AXL	03-3641940	03-3643876		
AXL619-001	冠璟的師父(冠璟)				
AXM620	立禾室內設計620	03-572-1360	03-575-2529	彭攸婷0913-991-127	
AXN621	格堂621	02-2298-0087	02-2298-0080	陳小姐	
AXO622	紘裕國際廚具622AXO	02-2240-6835	02-2240-6883	0925-526998胡先生	
AXP623	麗坊623AXP	02-86777920	02-26773501	檯面一律刮膠不磨	
AXP623-001	麗坊623AXP-林小姐(馗心居)	0955-568-330	LINE	需收尾	
AXP623-002	麗坊-月桃工地				
AXP623-003	雷蒂廚具623-003	02-86778255	02-86778257	"背牆一律要打矽利康 需收尾
爐子紙箱需清走 $300"	
AXQ624	泳霖624AXQ	line			
AXQ624-001	業主-泳霖				
AXQ624-002	大展設計(泳霖)				
AXR625	德政625	02-2618-3746	02-2618-6346		
AXS626	奧可博克626	02-2701-0413	02-2701-0419	莊秀麗0910-762-760	
AXT627	耕霖室內設計627	03-558-8281	03-558-8283		
AXU628	固磊科技628AXU	02-29010755	02-29013662	CLEAN UP(要問)	
					
AXU629	呈美629	02-27659057	02-27655906	蘇'R 0929-513-305	
AXV630	綠川630	02-27996587	02-26259496	張'R 0979-239778	
AXW631	的亞室內設計工程有限公司631	02-27279722	02-27593439	劉宇平0932-396135	
AXX632	南邑設計632	03-6676285	03-6673194	(報含稅價)楊雯鈞設計師0938-041-314	
AXY633	室覺空間633	03-667-0619		王'R0925-873-351	
AXZ634	幸福家634AXZ				
AXZ634-01	幸福家634-01林佳緯	0922-332-230			
AYA635	適邑家居635	02-27902901	02-27902981		
AYB636	詠瀚636	02-88112927	02-28107599	郭玠宏0939-220-560	
AYC637	佑祥637	02-26028919	02-26023979	林玉峯0930-088-617	
AYD638	賴炎坤設計師638	0932-206-322			
AYE639	加鈺639	02-29017868	02-29011656	于叔含	
AYF640	睦霖640	"02-27996801
02-26277828"	02-27997639	王宏和0910-196-630	
AYG641	德法641AYG	0910-663634	03-5160229		
AYG641-001	大舜工地-德法	為了沖帳	為了沖帳		
AYG641-002	原砌工地-德法	為了沖帳			
AYG641-003	大晏工地-德法	為了沖帳			
AYG641-004	德法-自在晴				
AYG641-005	德法-自在晴(溪州路)				
AYH642	法朵拉娜642	0932-204958	03-3162320		
AYI643	微自然室內裝修643	03-6661008	03-6662603		
AYJ644	永暉地板644	02-29316380	02-29316366		
AYK645	好室達645	02-2302-2297	02-23024766	劉小姐0919-267-037	
AYL646	百玥646	02-2608-9660	02-2609-1300		
AYM647	東泰石材雕刻社647	02-2603-0411	02-2603-0342		
AYN648	新居視覺空間設計648	0972-880-665	03-4810891		
AYO649	碁盛國際649	02-26510857	02-26515419	劉凡菲0920-903078	
AYP650	六甲綠榐650AYP	02-8522-2239	02-8522-3722		
AYQ651	峻益651AYQ	06-2053386	06-2053250		
AYQ651-001	峻益+五金				
AYQ651-002	峻益+5593WM				
AYR652	柚子室內裝修設計652	03-533-6162	03-526-0709	0931-589-698	
AYS653	一直在設計室內裝修653AYS	037-666307	037-666227		
AYS653-001	寬遠門市				
AYT654	德屋設計654	0955-072-315	live0932140@gmail.com		
AYU655	凱翊室內空間設計655	0912-265-497	02-2748-6980		
AYV656	睿信三輪656AYV	02-87910488	(LINE)02-87911798		
AYV656-001	門市-睿信三輪	02-87910488	(LINE)02-87911798		
AYV656-01	(個人)陳冠勳656-01	0911-208-241			
AYV656-02	(個人)王欽玄656-02	0918-658-559			
AYW657	禾嘉/禾源(原北松)-657AYW	02-28360361	02-28360360	日本水槽上方塑膠保護膜要留著帶至現場蓋回去	
AYW657-002	業主維修(禾嘉/禾源(原北松))				
AYX658	麒寰-658國際	02-2931-7468	02-3322-9057		
AYY659	懋宇659AYY	03-3617676	03-3649595		
AYZ660	承泰國際設計660	0906-965858			
AZA661	麗櫥空間661AZA	"03-2188123
呂'r0905-699-015"	03-2188122	110-01-01-搬家	
AZB662	力德(永競)662AZB	02-2664-9512	02-2664-6729		
AZB662-1	力德(永競)662-1AZB 蔡昭仁				
AZB662-002	業主維修(力德永競)				
AZC663	釩宇傢俱663	0955-192-592	03-3192154		
AZD664	富士664AZD	02-23969360	02-23966931		
AZE665	郁宸665AZE	0920-010-568	02-26461021	林文生0935-021-502	
AZF666	騏基666	03-3165155	03-3161035	卲仕仁0903-063555	
AZG667	捷森667	03-6663815	03-6663816		
AZH668	覲合668	02-2595-6120	02-2587-2251		
AZI669	山鳴谷應669	02-89853385	02-89857675	陳'R	
AZJ670	森嵐670	0918-618292	03-5711538		
AZK671	居名元671	"03-3555757
03-3555725"	03-3572208	梁S0986-785558	
AZL672	皇佳班672	0989-099-591		李光翔	
AZN673	施向澤673	0932-770846			
AZO674	講譯674	03-6676818	03-6676898		
AZP675	柏萊675	02-2836-0361	02-2836-0360		
AZQ676	郭設計師676	0958-080-980			
AZR677	你你設計677	02-27595582	02-27595583	何小姐0970-871378	
AZS678	栐欐678	02-2562-3746	02-2571-4582	翁'S 0939-686-151	
AZT679	鑫品679	03-3247009	02-3240089		
AZU680	橋圓680	03-3335343	03-3335230		
AZV681	藝典設計681	02-86610867	02-86610109		
AZW682	統領682	03-4894248	03-4095878	魏照珠0926-628-969	
AZX683	東柏-張啟柏683AZX	0956-063-536	02-27901898	張啟柏0956-063536	
AZY684	習翌設計684	02-2345-6098	02-23456399		
AZZ685	工緒空間685	03-6582122	03-6856786		53637439
BAA686	青域設計686BAA	02-28961820	02-28961830	"張紘瑋0970-137800
賴紹宇0922-520-242"	00243241清鑠國際設計有限公司
BAB687	好萊得687BAB	02-26028939	02-26027379	蔡惠如0932-086506	
BAC688	橘蕃茄688BAC	02-82267788	02-22257878	蕭芃慧0933-131287	
BAD689	澳大689	03-4623211			
BAE690	得象室內裝修690	02-22869207	02-22860545	陳秋源0936-262601	
BAF691	優克萊691	02-28318078	02-28311502	彭梓翔0935-022460	
BAG692	邵氏692	02-23567800	02-23564999		
BAH693	蟲點子693	02-23650301	02-23650321	古小姐0931-319704	24958045
BAI694	意念工房694	"03-5942270
03-5942319"	03-5961445		
BAJ695	貞亨企業695	03-3290789	03-3290686	吳淑玲#17	
BAK696	博森設計工程有限公司696	02-26339586			
BAL697	家和設計697	0963-075-468	03-5438355	周先生	
BAM698	日禾國際(原寶廚日禾)698BAM	03-3520023	LINE	歐羽哲0982-730564	
BAM698-001	門市+寶廚日禾				
BAN699	竺河建築設計699	姜建宇0910-260309		姜建宇0910-260309	
BAO700	竹雅廚藝(家博士)700	03-536-6655	03-536-2255		
BAP701	艾多力701	04-24523580	04-24527337		
BAQ702	李奧廚具702BAQ	0933-151020	LINE群	前緣一律同色石材內包5~8cm,檯面凸水槽5mm	
BAQ702-001	業主維修(李奧廚具)				
BAR703	九枋設計703	02-27678180	02-27678190	顏先生0982-191218	
BAS704	柏妮斯(強將)704BAS	02-26187856	02-26184988	高明新0935-604036	
BAT705	仁和居705	06-2905806	06-2903506	洪先生0986-686-335	
BAU706	富昱706BAU	03-3610397	03-3614929	潘自勇0909-301658	
BAV707	天淇707	李敏瑟0928-086219			
BAW708	維璞708BAW	02-25996488	02-25996485		
BAX709	璟勝(義庭名廚)709BAX	02-23568500	02-23563080		
BAY710	小角落設計710	02-29682627		劉怡廷0916-782277	
BAZ711	陳治中建築事務所711	02-25956519	02-25956515	陳星羽0921-312622	
BBA712	龔羽涵室內裝修712	03-5520639		龔S 0923-127241	
BBB713	長虹天璽713	吳經理0933-090825		吳經理0933-090825	
BBC714	德譽國際714	03-4915033	03-4013153	陳宜萱0912-332-412	
BBC714-001	德譽+門市店樣				
BBD715	晶瑞715BBD	03-3978712	03-3978713		
BBE716	得晟716BBE	02-22360011	02-22364321	汪S0932589642	
BBF717	惠特設計717	02-27682200		蕭賢豪0981-299183	
BBG718	日谷室內裝修718	02-27568388	02-27565388	李青谷0955082978	
BBH719	永隆興業社719BBH	03-4686818 03-4682239	03-4685403	李先生0903-008277	
BBI720	日成廚衛720	03-379-3207	0958-333-135		
BBJ721	德安國際-信義路721	02-2707-6600	02-2755-3300		
BBJ721-00	門市店樣(德安國際)				
BBK722	驊宸櫥櫃722BBK	0935-326567	(line)02-29326378	呂育哲	
BBL723	岱輝興業723BBL	07-7313530	07-7312914	Takara(水槽都要請峻益拿)	
BBL723-001	洪久茹-岱輝業主				
BBL723-002 	業主-岱輝				
BBM724	巍糧系統櫃724BBM	0933-842612		許先生(北部)	
BBN725	歐肯系統725	02-86782166	02-86782167	黃冠綺0958-473958	
BBO726	日天以利726BBO(日本櫃)	02-27930718	02-27930708	有懸空的地方全部倒包同色石材	
BBP727	近境設計(付全額才做)	0937-119-999		邱小姐	
BBQ728	品舍系統728BBQ	02-22915629	02-22915605	劉峻良0936-912011	
BBR729	金豪729	"02-29238066
02-29257589"	02-89218356		
BBS730	上云設計730	02-22362498	02-22366248		
BBT731	誠舍傢飾731BBT	02-28375009		巫小姐	
BBU732	大隱室內設計732	02-27315100(5119)	02-27310047		
BBV733	瑞特室內設計733	02-28482251	02-28488896		
BBW734	歐森創意734	02-85219451	02-85219452	楊子輝0937-033347  需先匯全額才下單	
BBX735	源原設計735	02-27093660	02-27017106	陳先生	
BBX735-001	業主--源原設計				
BBY736	緯創興業736BBY	03-3590021	03-3590028	曾義昇0955591840	
BBZ737	森參室內設計737	02-23252019	02-23250318	郭玉清0953-058798	
BCA738	一九七二T系統櫥櫃738				
BCB739	種子設計739			郭奕君	
BCC740	德宜國際740	02-66153311	02-66153322	莊佳尉0925-128059#228	
BCD741	tA空間製作(康鼎)741	03-6675088	03-6675099		
BCE742	形構742	02-28341397	02-2834-9876		
BCF743	一直在743(653重複編碼)	037-666307	037-666227		
BCG744	富士登744-烤漆門板			烤漆門板(嘉義)	
BCH745	馥閣設計745		斌LINE	羅子鈞0955-757438	
BCI746	巨匠746	02-22928917	02-22928927	楊萬發	
BCJ747	雋空間747BCJ	03-6581770	03-6581773	0953-133-778	
BCJ747-001	門市+雋空間747BCJ			0953-133-778	
					
BCK748	諾禾空間748	02-2755-5585	02-27556575	劉皓凱0910-932-688	
BCL749	果多設計749BCL			杜永承0988-009809	
BCM750	或是750	02-22395369		張先生0928-897-956	
BCN751	築石751	02-29288876	02-29286736	羅先生0909-094918	
BCO752	立而登家具752	02-27049438	02-27019427	黃小欣0989-830355	
BCP753	富旺753	03-3328885	03-3335863		
BCQ754	隱巷室內設計754	02-23257670	02-23256687	莊淨惠	
BCR755	長毅室內裝修755	02-27617010	02-27679181	鄭詠云0975-325335	
BCS756	一品宅設計756	03-588-1859	03-588-1908	李小姐0939-080926	
BCT757	里歐室內設計757	02-28982708	02-28982765	偕志宇0938-125109	
BCU758	軒禾室內裝修758	02-28856958	02-28359658		
BCV759	元宏廚具759BCV	02-22110521	02-22110850		
BCW760	汎德760	03-5505538	03-5505507		
BCX761	寓騏空間761			陳少庸0980-224290	
BCY762	歐法762BCY	02-2516-6608	02-25166609		
BCZ763	塔卡菈763	03-5588022	line群組	takara彭霖清0932-119919	
BDA764	傢琦設計764BDA	02-89920601  02-89928580	02-89928518	林俞綺	
BDB765	凝居系統櫥櫃765BDB	03-2873300	03-2873322		
BDC766	布雜墨藝766	02-25626896	02-25626826		
BDD767	永聖/和韻767BDD	02-25182700	02-25182001	和韻takara(要問桶身)	
BDD767-01	蔡忠福(和韻)767-01BDD	蔡先生0917-282-882			
BDE768	東旂建材768	02-26089618	02-26089631	羅S	
BDF769	米蘭磁磚769	03-2161199	03-2160505		
BDG770	森禾企業770BDG	0900-554-501	群組Line	露水槽2mm	
BDG770-001	森禾師父770-001BDG				
BDG770-002	森禾門市				
BDH771	宏曄771	02-27690030	02-27666195		
BDI772	意舍772			陳先生	
BDJ773	麗德衛浴773	02-26426633	02-26902076	黃子欽0933-066330	
BDK774	葆誠774BDK	0932-134-408	02-22059924	吳振芳0932-134408	
BDL775	佳業(實代)775BDL	02-22932260	02-22932261		
BDM776	阿貴776				
BDN777	沃尚777	02-26484125		黃聖隆0920-727459	
BDO778	逸硯778	03-6585848	03-6585747		
BDP779	九陽室內裝修779BDP	0935-506-226		張偉源	
BDQ780	森嵐室內設計780BDQ	0919-238191	03-6576782	王晧宇	
BDR781	双設計781	0935-765035			
BDS782	溢淂782BDS	02-27945511	02-27932828	Takara	
BDS782-002	業主維修(溢淂)				
BDT783	奧美系統櫥櫃783	02-22515318	02-22515316		
BDU784	宇盛784	(06) 261-3838			
BDV785	璞碩室內裝修工程785	02-22218118		黃知本0921-321-771	
BDW786	活水786				
BDX787	雅設787 	02-27385228#401	付款才施做	靳先生0955-017592	
BDY788	楊力788	02-26181307	02-26182623	楊班長0910-350340	
BDZ789	都會族789	02-2296-1160	02-2297-8811	吳佳玲0988-052817	
BDZ789-001	都會族789	02-22961160	02-22978811	陳建志0972-783-300	
BEA790	原初790(原漢廚)	02-26813977			
BEB791	可樂石791				
BEC792	禾藝空間設計792BEC	0912-208-445	林姊Line		
BED793	冠鈞(格麗斯木柵店)793BED 	02-2236-0127	02-2236-2088		
BED793-001	格麗斯木柵店(冠鈞)793-001BED 	02-22360127	02-22362088		
BED793-003	冠鈞門市(格麗斯木柵店)				
BED793-002	興隆793-002BED	"02-2236-0733
02-2236-9166"	02-2236-1851	Takara	
BED793-004	興隆門市				
BEE794	赫登傢俱794BEE	03-3289828 03-3289850	03-3289837		
BEF795	絕對相對室內裝修795BEF	02-22115806	02-22115846	陳重成0958-060588	
BEG796	永鉅設計796BEG				
BEH797	墨線設計有限公司797BEH	02-87896717	02-87896718	蕭羽伶0933-140085	
BEI798	生活空間設計有限公司798BEI				
BEJ799	去編在509台灣歐德(中山店)799BEJ	(02)2883-1108	(02)2883-6238	邱 鈺 珊0987-245261	
BEK800	蘇-室美 室內裝修設計800BEK	02-29590128 		蘇敬惠0928511806	
BEL801	帕洛那-明辰801BEL	03-5517935	03-5517953	李冠勇	
BEL801-001	帕洛那+801門市	03-5517935	03-5517953		
BEM802	兆基管理顧問股份有限公司802BEM			劉兼秀0937-520923	
BEN803	璞拾設計803BEN			李怡靜 0934024693	
BEO804	德義804BEO			莊英賓0937-599860	
BEP805	沃克空間設計805-竹北BEP	03-5509970	斌Line	吳昇展 0921056130	
BEP805-001	沃克806 (門市)-竹北BEP	03-5509970	斌Line	吳昇展 0921056130	
BEP805-002	沃克精品廚具-宜蘭BEP	03-933689	游林勳0965-507-755	游林勳0965-507-755	
BEQ806	迪克806 BEQ	翁先生0936-069947		翁先生0936-069947	
BER807	崗古設計807BER	02-26451345	02-26451895	鄧世宸專案設計師0918-656-656	
BER807-001	太陸工程(崗古)	為了沖帳勿刪			
BES808	慕捷特808BES	0936-970-468	03-2166986	劉家豪	
BET809	精淦809BET	03-3116441	03-3119943	Takara	
BET809-001	精淦+門市店樣				
BET809-003	業主維修(精淦)				
BEU810	原室內設計810BEU	方祺勳0976-622-247			
BEV811	極品家具811BEV	07-3712536	07-3712691		
BEW812	易展設計812BEW	0989005377巫先生	02-26031007		
BEX813	新煮義813BEX	02-27938826	02-27938721		
BEY814	德琳設計814BEY	李憲德0987-276-060			
BEZ815	陳彥豪815BEZ	0932-083-712			
BFA816	雅悅816BFA	翁先生0909-968-988			
BFB817	集昌祥(南崁)817BFB	03-3527799	03-3527788	clean up	
BFB817-02	集昌祥(竹北)817-02BFB	03-668-4158	03-668-4997		
BFB817-01	業主維修-集昌祥				
BFC818	富稜818BFC	0927-113-553	03-9594265		
BFE819	藏玉家居819BFE	07-3487678	07-3411366		
BFF820	明泰820BFF	06-2014962	06-3012201		
BFD821	Mr home821BFD	0935-307-770曾先生			
BFG822	"禎鄉設計822BFG        
"	02-22535990	02-22554328		
BFH823	沐易設計823BFH				
BFI824	鑫松廚具824BFI	02-23463030	02-23463131		
BFI824-001	鑫松門市	為了沖帳	為了沖帳		
BFJ825	御田空間(波堤)825BFJ	03-9321758	03-9321768		
BFJ825-001	門市御田空間(波堤)825BFJ	03-9321758	03-9321768		
BFJ825-002	業主維修(御田)				
BFK826	力坊生活科技826BFK	04-8221633	04-8221613		
BFL827	淞宇827BFL	02-89193898	(LINE)02-89197326		
BFL827-001	業主維修(淞宇)				
BFN828	吉祐828BFN	02-22971398	02-29001307		
BFO829	亦象829BFO	0982-588-363		 	
BFP830	張瑞忠個人830-德安BFP	0920-506-287	堯Line		
BFQ831	婦友831BFQ	05-2356699	05-2362233		
BFR832	森億832BFR	06-2780152	06-2783236	小馨0968-655-669	
BFS833	德妮廚具833BFS	02-26281310	02-26281362		
BFT834	杉築834BFT	0932-809-078		李健生	
BFU835	松德835BFU	02-27082222	02-27097373		
BFU835-001	博愛路(松德工地)				
BFV836	風動設計836BFV	02-27733996	02-27733556		
BFW837	慶磊837BFW	02-27073256	02-27073239	詹文惠0933-862-262	
BFW837-001	慶磊門市店樣837BFW				
BFX838	立碁石材有限公司838BFX	02-27292616	02-27079635	區家聯0910-338(6)-372	
BFY839	福璽839BFY	0932-709-089	斌line	朱啟華	
BFZ840	郡品(蘇成介紹)840BFZ	02-2990-7775		0912-302-101	
BGA841	聖笠室內裝修841BGA	02-27161505	02-27161550	吳信堅0936-264-718	
BGB842	銓鴻842BGB	02-29010008	02-29018839	周享學0937-056-570	
BGB842-001	業主維修(銓鴻)				
BGC843	大迦行843BGC				
BGD844	一間創意844BGD	0937-467-692			
BGE845	澤境設計845BGE	03-668-8337	LINE群組	"黃S 0905-916-586
呂R 0928-729-230"	
BGF846	工緒846BGF(AZZ685有重複的)	03-6582122			
BGG847	柏林廚具847BGG	02-2282-6017	02-22851391		
BGG847-01	業主維修-柏林				
BGH848	昌庭建材848BGH	02-3765-2506	02-3765-2259	許麗玲0935-154-204	
BGJ849	駩鑫企業有限公司849BGI	02-2602-0312	02-2602-0352	廖翊展0922-761-763	
BGK850	木埕設計850BGK	0938-690-336			
BGL851	語點室內裝修851	0912-826-797		傅聖錦	
BGM852	大森營造有限公司852	02-22486618	02-22481158		
BGN853	比佛利-許小姐853(業主)	0936-463-999沈小姐			
BGN853-01	太乙石材	沈泳翔0936-463-999			
BGO854	亞詮854BGO				
BGP855	欣亞855BGP	02-2293-7146	02-2293-7147	黃R0933-014-927	
BGQ856	蜜雪兒856BGQ	06-3565823	06-3565610	洪先生0912-743-333	
BGS857	史詠賢小姐857BGS	0921-132-622	林姊line		
BGR858	好事通858BGR				
BGT859	快又美859BGT	03-3595029	03-3594996	邱先生0910-957569	
BGU860	皇室空間室內設計860BGU	03-5389750	03-5389752		
BGV861	驊藏861BGV	02-22779516	02-22779518	柯捷詠0933-142093	
BGW862	印特設計862BGW	02-2742-0578	02-2742-0747	黃佩婷0978-883-359	
BGX863	永茂863BGX	02-2600-5612	02-2608-5612	劉育信0982-592400	
BGY864	呈品廚具864BGY	02-25090875	02-25090879		
BGZ865	囍田865BGZ	葉先生0918-031-111			
					
BHA866	JASON866BHA				
BHB867	采旭867BHB	02-26022292	02-25630595		
BHC868	傑客室內設計有限公司868BHC	02-23322868	02-2332-8589	陳冠豪0954-032-669	
BHD869	境觀設計869BHD	02-2700-8256	02-2700-8225	江佑山 0983-466-233	
BHE870	木呈870BHE	洪千淑0938-690-336	林姐LINE		
BHF871	木棉檤室內設計871BHF	0918-089-908			
BHG872	明室設計872BHG	0910-229-311李小姐	斌Line		
BHH873	SKY873BHH	0952-581-531游修嫺			
BHI874	欣煜國際有限公司874BHI	02-89541428	02-89541078	張紹輝0936-328-393	
BHJ875	意識室內設計875BHJ	02-2739-6610	02-2703-6619	需收全額才下單 張雅雯0920-260-907	
BHK876	宸鉅(宸居)室內設計876BHK	037-598877	037-596998		
BHL877	名晟歐化877BHL	02-28051116	02-28054756		
BHM878	686室內設計878BHM	05-5353686	05-5322813	湯雅雯0988-010-585	
BHN879	桓櫻879BHN	無	萱/斌LINE	郭瑀婕0967-208-086	
BHO880	功林盧先生880BHO	03-3224116~8	03-3224989	盧先生0915-339-250或LINE	
BHR881	耶穌基督後期聖徒教會881BHR			詹佳緯 0988-673-558	
BHT882	廣臨國際882BHT	02-2673-9858	02-2673-9969	曾裕洋0936-831-747 收全額才能下單	
BHU883	巨暘883BHU	03-327-1536	03-327-1569	陳光耀0985-678-548	
BHV884	頡欣884BHV	02-2250-6658	02-2250-6661	鍾易廷0988381722	
BHW885	寶德曼國際885BHW	02-2792-2155	02-2793-7279	涂清源0932-017-389	
BHW885-001	門市(寶德曼)				
BHW885-002	品萱內湖案(寶德曼)				
BHX886	雅特886BHX	0911-313-894			
BHY887	竹樂系統家具設計887BHY	02-82927270	02-82927370		
BHZ888	方宅十餘畝有限公司888BHZ	02-82926081		吳佳玲0988-052-817	
BHZ888-001	業主-方宅				
BIA889	時二設計889BIA(興立富呂彥廷介紹)	0926-221-306			
BIB890	日工892BIB	0930-594-026			
BIC891	寶麗新有限公司891BIC	02-82950987	02-22933844	陳子維0933-750-414	
BID892	互全衛浴892BID	03-6683782	03-6681752		
BIE893	奇尚893BIE			0933-879-205	
BIF894	盛美894BIF	02-2789-3738	02-2789-2837	sunwave下折	
BIF894-001	門市店樣-盛美	02-2789-3738	02-2789-2837		
BIF894-002	松和國際894-002BIF(盛美另一家發票抬頭)	02-27893738	02-27892837	panasonic套平//報價只能給採購//	
BIF894-003	英屬開發物流(盛美)	為了沖帳勿刪			
BIF894-004	宏悅建設(盛美)	為了沖帳勿刪			
BIG895	竹松895BIG	03-5533627	03-5533628		
BIH896	烜喆空間設計896BIH	尤莉雅0987-482-738			
BII897	尚鴻室內裝潢空間設計897BII	03-4834022	03-4834029		
BIJ898	貝格898BIJ				
BIK899	洆果899BIK(竹北-愛菲爾)	03-5502089	03-6582758		
BIL900	羅舍(原御楓)900BIL	02-25000755	02-25000767		
BIL900-001	羅舍 900BIL	03-9590571	03-9590571		
BIL900-002	門市店樣-羅舍	03-9590571	03-9590571		
BIM901	舒適的家企業社901BIM蘇成介紹	02-8671-0407	02-8671-0843	陳光文0935-505-728	
BIN902	長實廚具系統902BIN	0981-261-482	02-26192532		
BIO903	亞當903BIO	02-2289-1133	02-2289-1155		
BIO903-001	贊暘建設-亞當	02-2289-1133	02-2289-1155		
BIP904	千誠衛浴904BIP	02-2532-7733	02-8509-2187	邱家豪0977-665-689	16533277
BIQ905	光自在905BIQ	02-7299-2401		梁希祐0934-270-035	
BIR906	品衛906BIR	0973-863-577			
BIS907	巧格設計907BIS(林易珊)	0956-618-013			
BIT908	弘願908BIT	02-2592-7422	02-2598-8534	張秀慧 0938-643-339	
BIU909	凱鑫室內設計909BIU	03-525-3200	03-522-0583		
BIV910	閑野秝居設計BIV910	0986-886-610			
BIW911	永昕BIW911	06-2635-899	06-2912-388		
BIX912	合裕912BIX	02-87914559	02-8791-7253		
BIY913	寬遠系統櫃913BIY	037-621-477	斌Line	張富勝0932-955-400	
BIZ914	藝禾廚櫃914BIZ	02-2531-3511	02-2537-4727	陳怡靜 0958-206-005	
BJA915	高邑科技室內裝修有限公司915	02-82601977	02-22632737	呂素如小姐	
BJB916	松雅實業916BJB	02-2222-7410	02-2222-7429	收全額才下單	
BJC917	雅彡(雅山)廚具衛浴917BJC	0937-534-581	斌.林姊line		
BJC917-001	雅山門市-				
BJD918	樂朵室內設計918BJD		02-27910723		
BJE919	生活家廚具919BJE	037-377819	037-377820		
BJF920	吉嘉920BJF	02-22772899	02-22772699	sunwave	
BJF920-001	"吉嘉-門市
"	02-22772899	02-22772699		
BJG921	挖設計室內裝修有限公司921	Alan0915260515			
BJH922	築汨室內設計922BJH	02-2732-5038	02-2732-5039		
BJI923	艾傢923BJI	0931-334-450		陳柏雲	
BJJ924	雨辰廚具廠924BJJ	02-86751937	02-86751949		
BJK925	欣昌室內裝修925BJK	02-22568866	02-22568867	孫國鈞0918-972-699	
BJL926	佑鎧926BJL	02-8295-5666	02-8295-6778		
BJM927	東方廚具927BJM	03-9301000	03-9308800	龍騰飛0927-020-303	
BJN928	佶室設計928BJN	0905-225-585		楊國鑫	
BJO929	勁匠929BJO	02-2759-8886	0908-729-289		
BJO929-001	勁匠929BJO-門市				
BJP930	國豐不銹鋼(柏格登)930BJP	02-2786-3737	02-27863318	劉維政0933-920-333	
BJQ931	誠砌設計931BJQ	0928-169-624		周先生	
BJR932	阿房設計BJR932	0920-393-567		郭南德	
BJS933	明展土木933BJS	0953-168-152		何明昱	
BJT934	麗水934BJT	03-3230405	03-3230409		
BJU935	蕎紳國際935BJU(蘇成介紹)	02-82822682	02-82822625		
BJV936	合鋒-陳莉莉936BJV	0952-290-939	02-28836092		
BJW937	鑫承實業社937BJW	02-22830000		鄭立新0906-607-607	
BJX938	吉寶938BJX	02-2511-8418	02-2511-2723	sunwave *水槽齊*下折2.3 倒包3	
BJY939	德匠939BJY	07-7252233	07-7220760	Clean UP	
BJZ940	海恩設計940BJZ	0913-323-231	Line群		
BKA941	品匠廚具941BKA	03-3166824	03-3164372		83329326
BKB942	韋翰實業942BKB	"04-2563-2680
04-2563-2705"	04-2563-3692		
BKC943	縉隆設計943BKC	02-2920-8349	02-2920-8350	何元豪0975-395-066	
BKD944	水設計944BKD	04-22991386	04-22993932	李雁0989-819-717	
BKE945	碩富945BKE	02-2788-5861	02-2788-5681	sunwave要問	
BKF946	樂沐製作設計946BKF	02-2732-8665	02-2732-8650		
BKG947	宜鑫室內(鄭育昇)947BKG	0910-012-138	02-2911-1312		
BKH948	亞橙948BKH	02-2610-4628	02-2610-4629	林佳民0938-382-077	
BKI949	非關設計949BKI	02-27846006	02-278476009	楊承勳0923-916-853	
BKJ950	喆室內設計950BKJ(蘇成)	周祖蔚0972-154-692			
BKK951	塵邸設計951BKK	張稚庭0989-599-768		小賴介紹	
BKL952	亦品廚具952BKL	簡偉儒0958-757-073			
BKM953	本序空間953BKM(蘇成)	03-6589597	03-6585951	莊鵬敬0930-052-027	
BKN954	可來廚具954BKN	0928-657-485	(林姊LINE群組)		
					
BKO955	113-03起蘇成pass過來的				
BKO955-001	新瓦事業(設計)955-001	03-5618948	03-5610635	張宜瑄0928-027-153	
BKO955-002	輕映設計(林純玉)955-002	0909-351-319			
BKO955-003	大涵空間設計955-003	03-5693898	03-5693901	黃本龍0937-539-851	
BKO955-004	源空間設計955-004	0975-633-733			
BKO955-005	菲菲禾舍室內設計955-005	0937-994-356	03-5532638	呂怡娜	
BKO955-006	王耀斌(業主)955-006	0929-835-895			
BKO955-007	初見設計-蔡柏偉955-007	0933-532-213			
BKO955-008	綠星廚具955-008	03-5555881	03-5555881	(老闆娘)莊淑萍0989-316-289	
BKO955-009	穎言955-009	03-5530710		許瑋恆0987-575-471	
BKO955-010	達譽設計955-010	03-526-0682	03-526-0219		53295762
BKO955-011	禾庭設計(吳淑敏)955-011	03-5501213	03-5505213		
BKO955-012	伏見設計955-012	03-341-3100	03-341-4837		
BKO955-013	晉桻設計955-013	02-2406-3680	02-2496-6399		
BKO955-014	沐子設計955-014	李明安0919-467-826	萱Line		
BKO955-015	季沃設計/至邑建築955-015	02-2366-0200	堯Line	楊季頤0966-319-415	52453622
BKO955-016	歐禾設計955-016	03-5588568	03-5502866	賴虹年0952-709-678	
BKO955-017	對場作設計955-017	02-2737-0685	02-2737-0699		29093219
BKO955-018	時工分設計955-018	03-3160695	堯Line		69751006
BKO955-019	業主余理煌955-019	0988-339-974	堯Line		
					
BKP956	美合室內設計956BKP	02-2600-6226 #19		黃雪華0922-125-142	
BKQ957	煜曄957BKQ	03-3605577	03-3605599	takara	
BKQ957-002	豐曜實業有限公司	03-3605577	03-3605599		
BKR958	琢岳設計958BKR	0901-161-189張雅婷			
BKS959	皇家廚具959BKS	03-5345500	03-5330796		
BKS959-001	門市皇家	03-5345500	03-5330796		
BKS959-003	美地建設-華城段皇家	03-5345500	03-5330796		
BKS959-005	金連城波羅段(皇家)	03-5345500	03-5330796		
BKS959-006	新宜營造東寧段(皇家)	03-5345500	03-5330796		
BKS959-007	一銀建設竹東段(皇家)	03-5345500	03-5330796		
BKS959-008	繼信營造中華路璞居(皇家)	03-5345500	03-5330796		
BKS959-009	一銀建設竹下員段(皇家)	03-5345500	03-5330796		
BKS959-010	辰源建設(皇家)	03-5345500	03-5330796		
BKS959-011	樸玉建設(皇家)	03-5345500	03-5330796		
BKS959-012	辰鴻建設社南段(皇家)	03-5345500	03-5330796		
BKS959-013	芎林新鳯段(皇家)	03-5345500	03-5330796		
BKS959-014	金連城建設嘉興段(皇家)	03-5345500	03-5330796		
BKS959-015	富源建設+謙上園(皇家)	03-5345500	03-5330796		
BKS959-016	金連城中興小段(皇家)	03-5345500	03-5330796		
BKT960	璨柏960BKT(收錢才做)	02-8666-6621			
BKU961	杉築961BKU	李建生0932-809-078			
BKV962	台蒝廚具962BKV	02-2255-0380	02-2250-0380	黃先生0976-705-327	
BKW963	世騰建築設計963BKW	02-2773-8673		胡世昭0935-596-896	
BKX964	A+原始設計964BKX(曾朝君)	0910-628-700			
BKY965	直譯空間設計965BKY	02-8642-9209	02-8642-9209		
BKZ966	沐森966BKZ	林室亨0981-650-603		一律桶身好打板	
BLA967	囍空間967BLA	林晨均0928-591-088			
BLB968	渥豐衛浴968BLB	02-2761-1899	02-2761-3699	林意文0934-222-946	
BLC969	君石工程有限公司969BLC	02-25596596公司         02-26191190辧事處	02-25507236公司    02-26191180辦事處		
BLD970	鴻銘國際970BLD	03-222-7836	03-222-7831		
BLE971	愛加971BLE	"02-2620-1314
02-2629-6798~9"	02-2629-3708		
BLF972	穎言972BLF	03-5530710		許瑋恆0987-575-471	
BLG973	頂雅973BLG	06-2706340		峻益客戶	
BLH974	烽碩石業974BLH	03-3221617	03-3221619	需先匯款才能調料	
BLI975	左撇子設計975BLI	0919-929-888	萱line		
BLJ976	宅第設計976BLJ	0981-005-016			
BLK977	春興進口廚衛977BLK	02-2550-6260	02-2550-6270		
BLK977-001	業主維修(春興)				
BLL978	柏雅室內設計978BLL	03-4277990	03-4277998		
BLM979	欣業室內設計979BLM	03-222-8868	03-222-8808		
BLN980	宏承設計980BLN				
BLO981	沐山晴創981BLO	0988-838-892	萱Line		
BLP982	雅富室內裝潢982BLP	03-554-4029	03-656-7245		
BLQ983	亞爾法(吉富)983BLQ	07-727-8770	07-713-5509	sunwave	
BLR984	原拾設計984BLR	林俊宏0958-396-200			
BLS985	萊閣衛浴廚具985BLS	02-2256-0913	02-8257-3895	排程:張r0938-090-544	
BLS985-001	萊閣門市985BLS	02-2256-0913	02-8257-3895		
BLT986	十名設計986BLT		堯LINE	請款:廖r 0972-349-396	
BLU987	宏祈衛浴987BLU	03-327-8979	03-327-8863	回簽只能認公司章	
BLV988	鎰勝工程行988BLV	0921-070-305			
BLW989	涵宸設計989BLW	"王思涵0910-662-419
張釩迆0979-798-657"	斌LINE		
BLX990	築藝廚具990BLX	傅冠達0989-005-509	02-8282-2551		
BLY991	澄諴設計991BLY	0915-062-809	萱LINE		
BLZ992	唐御品設計992BLZ	02-2753-0880	斌LINE		
BMA993	方構FUN設計993BMA	02-2795-5231	02-2795-5232		
BMB994	墐桐空間994BMB	03-3759668	03-3759669		
BMC995	四禾設計995BMC	07-2150988	07-2152188		
BMD996	景賀設計996BMD	劉總監0932-620-143			
BME997	耀旭997BME	03-9588696	03-9588697		
BMF998	優德櫥櫃998BMF	02-2898-2126	02-2898-2326		
BMG999	全聚愷999BMG	劉永祝0932-033-763	02-2646-1358		
BMH1000	溢淶1000BMH	04-2463-5551	04-2463-5501		
BMI1001	高林室內設計1001BMI	03-379-2336	03-370-3394		
BMJ1002	雙威空間1002BMJ	劉威利0933-821-190			
BMK1003	格霖永續1003BMK	03-3972765	游章翊0953-167-349		
BMK1003-001	業主維修(格霖)				
BML1004	崧富廚櫃1004BML	04-2708-0018	04-2707-0193		
BMM1005	東匠1005BMM	03-359-0607	03-359-0667		
BMN1006	寶廚森沛1006BMN	07-823-0585	陳庭甄0989-066-770		
BMO1007	帝谷室內裝修1007BMO	02-2795-6997	02-2795-1697	吳泓瑋0978-161-233	
BMP1008	吉畝設計1008BMP	02-8521-4032	02-8521-4036		
BMQ1009	碁玉室內裝修1009BMQ	03-530-6080	03-538-3305		
BMR1010	尚奕不鏽鋼有限公司1010BMR	03-3167431	03-3167943		
BMS1011	豐聚設計1011BMS	04-23196588	04-23106553		
BMT1012	松墨室內1012BMT	02-22688828	王曉歡0900-394-886		
BMU1013	程作設計1013BMU	02-2633-0811	羅士承0936-730-933		
BMV1014	溫根設計1014BMV	02-2365-2525	婷萱Line		
BMW1015	日靖國際1015BMW	03-6688924	Line		
BMX1016	太寅設計1016BMX	林先生0955-868-689			
BMY1017	大潤建設1017BMY	03-3237977	林姊.公司機LINE		
BMZ1018	羽拓設計1018BMZ	楊先生0972-961-011	堯LINE		
BNA1019	樂家1019BNA	02-22453330	02-22452330	賴羅雄0939-752-752	
BNB1020	澔岳設計-王柏樺1020BNB	0930-393-093	斌Line		
BNC1021	富藝設計1021BNC	"林淑儀0981-139-916
高先生0932-390-115"	斌Line		
BND1022	禾新櫥櫃1022BND	02-2568-1161	02-2568-1162		88378227
BNE1023	富霖家居1023BNE	02-2831-5016	02-2831-5160		94033118
BNF1024	誠伽人造石1024BNF	呂小姐0975-806-927			
BNG1025	禾硯設計1025BNG	02-2511-3910	03-555-2088		
BNH1026	家昇廚具1026BNH	翁易騰0987-022-917			
BNI1027	舒翰室內裝修1027BNI	吳保隆0933-090-825	02-2759-1461		52682224
BNJ1028	磐德國際1028BNJ	02-7755-1360	Line		83683487
BNJ1028-001	門市店樣(磐德)				
BNK1029	育林工程行1029BNK	03-357-9884	林姊LINE		99448761
BNL1030	碩謹設計1030BNL	02-2511-3910	萱Line	張苡璿0918-909-354	94130863
BNM1031	澤岑設計-湯家豪1031BNM	0939-865-438	萱Line		
BNN1032	同心圓製作1032BNN	02-2765-7180	02-2765-7179		
BNO1033	御廚房1033BNO	李岳勳0956-625-858			
BNP1034	寬晴設計1034BNP	03-317-2986	03-317-2979		53812739
BNQ1035	石匠精神1035BNQ(鼎鵬)	0982-360-457		(高皓)	
BNR1036	村杉室內1036BNR	04-2437-0170	04-2437-0170		
BNS1037	燙燙系統家俱1037BNS	0975-276-537			93079092
BNT1038	垚榛工程1038BNT	侯小姐Jasmine(林姊LINE)	林姊LINE		
BNU1039	森隅設計1039BNU	吳先生0975-316-831			
BNV1040	友光設計1040BNV	顏絲鈴0982085575	林姊LINE		99751340
BNW1041	福住空間1041BNW	王維仁0926953169	林姊LINE		42059072
BNX1042	橙果設計1042BNX	03-6675808	林姊LINE	收全額才下單	42603361
BNY1043	一嘉1043BNY	0925-992-345	林姊LINE		
BNZ1044	慶翔廚具1044BNZ	02-2259-1788	02-2259-1978	曾先生0931-107-788	
BOA1045	東江齋空間設計有限公司1045BOA	02-2793-9726	02-2654-3306	陳芑瑋0982-859-771	
BOB1046	森醞空間制作1046BOB			黃佩婷0978-883-359	
BOC1047	貳壹設計1047BOC	02-8969-8121	02-8969-8821		
BOD1048	立景廚具1048BOD	02-2731-1897	林姐、萱Line	鄭景仁0925-209-001	53092106
BOE1049	琢墨室內設計1049BOE	何友元0932-118-143	林姊Line		
BOF1050	杉居建築設計1050BOF	林千琪0955-974-062	Line		
BOG1051	米格空間1051BOG	黃冠綾0983-144-619	斌.萱Line		
BOH1052	呈勖1052BOH				
BOI1053	弘齊建材1053BOI	邱佳莉0919-496-953	斌Line		211705
BOI1053-001	門市(弘齊)				
BOJ1054	琺恩斯1054BOJ	02-8273-2233	斌Line	Takara	
BOK1055	沐居設計1055BOK	陳文美0913-541-691			
BOL1056	工語室內裝修1056BOL	劉昌杰0963-379-311			60685353
BOM1057	瑞逸傢品1057BOM	02-2605-2678	02-2605-2679	(橋旺系統櫃)許瑞蘭0931-756-970	85126233
BON1058	維陽系統櫥櫃1058BON	02-2872-7260	02-2872-4585	葉福文0918-253-276	53949881
BOO1059	科定企業1059BOO	02-2296-3999分機6203	林姊Line	張淑柚0912-025-872	80214519
BOP1060	禹拓(陳建宏)1060BOP	0916-748-318	Line群		
BOQ1061	金匠實業1061BOQ	陳祺綸0938-160-101		家翔朋友	00245281
BOR1062	博鉅1062BOR				
BOS1063	歐米室內裝修1063BOS	02-2221-0473	02-2221-4157	林炎生0935-608-958	
BOT1064	研創1064BOT	唐岑倚0937-912-823			85336667
BOU1065	創空間1065BOU				50782465
BOV1066	為家室內裝修1066BOV	游惠婷0956-181-550			00165977
BOW1067	茗國系統家具1067BOW	02-2993-8797	02-8991-4828	魏子淳0933-061-926	80448381
BOX1068	賀靖設計1068BOX	鄭曉照0911868660	萱Line		
BOY1069	顏田室內裝修1069BOY	02-2720-7720	02-2720-7723/Line		42757013
BOZ1070	睦和國際1070BOZ	02-2579-1680	02-2579-1681		90596516
BPA1071	勁和室內空間設計1071BPA	張紫嵐0923-522-931	斌		
BPB1072	百德廚衛1072BPB	丁世和0938-306-051	萱+公務機Line	峻益客戶	00181580
BPC1073	森之屋1073BPC	吳柏寬0933-830-332			29139411
BPD1074	森也設計1074BPD	李鳳儀0915-185-598	萱Line	邱福順方先生介紹	
BPE1075	品安廚具1075BPE	"02-2618-1602
0979-581-034"	02-2618-1603		54053539
BPF1076	木木嘉專門類型1076BPF		林姊Line	詹玉美客戶	
BPG1077	享向設計1077BPG	02-2249-7229	萱Line		42691815
BPH1078	歆靚ㄐㄧㄥˋ 設計1078BPH	02-2602-1126	02-2602-0751		24714169
BPI1079	續作室內裝修1079BPI	02-2395-1080#16	02-2395-1090	郭聿捷0909-316-772	85014053
BPJ1080	橙意室內裝修1080BPJ	楊先生0918-219-218		大潤建設介紹	
BPK1081	維詩頓廚具1081BPK	02-7728-8704	斌LINE		94190539
BPL1082	宏泰工程1082BPL	02-8923-2099	02-2923-8021		54046171
BPM1083	二三國際設計1083BPM	楊承軒0970-174-759	林姊Line	興立富介紹斌	
BPN1084	翡閣設計1084BPN	李威震0912-917-529			
BPO1085	歐提Otis室內設計1085BPO	賴明村Marty0939-074-512	03-574-8866		45123689
BPP1086	詠存1086BPP	王郁文0920-488-266			
BPQ1087	凱勝廚具1087BPQ	彭正宏0931-232-532	03-5297266		85225825
BPR1088	成境室內裝修1088BPR	02-2552-9600	02-2552-9500	王薇淇0911-387-207	16560350
BPS1089	旌(ㄐㄧㄥ)堡室內裝修1089BPS	04-2295-0762	04-2295-0902(斌/堯Line)		
BPT1090	百儷企業BPT1090	02-2602-3629	02-2602-2139		47084183
BPU1091	梓元設計1091BPU	04-2231-5176	斌Line	曾淑貴0963-420-576	93792251
BPV1092	鼎士達設計1092BPV	"台北02-2279-6442
新竹03-5935-999"	斌Line	簡伯諺0933-227-586	82123368
BPW1093	沐宇空間設計1093BPW	02-2753-0073	02-2753-0073		
BPX1094	富凱室內裝修1094BPX	07-693-0628	王堃竹0921-026-075		47648606
BPY1095	宇嶼空間1095BPY	李宇聖0921-147388(原里摩)	斌Line		
BPZ1096	漢瀧興業有限公司1096BPZ	02-8285-1688	02-8285-1633	林政毓0966-658-239	
BQA1097	井桐空間製作1097BQA	0327-670-081	公務機Line	吳冠毅設計師	60736917
BQB1098	不二創藝1098BQB	雷達0976-003-258			90385391
BQC1099	雲志系統家具1099BQC	謝丹青0987-838-153	斌/堯Line		
BQD1100	光嶼設計1100BQD	04-33958642		瑪摩介紹給斌	82978815
BQE1101	寒舍餐旅1101BQE	02-66225722	02-66381818		70471881
BQF1102	磐舍美學(鈦克石)1102BQF	02-2746-6623	斌LINE	張祐真0983984089	
BQG1103	欣豐設計1103BQG	陳韋樺0917-216-666			
					
					
					
ZZY999	峻砷999ZZY	04-8876956	04-8876727		
ZZZ1000	峻展1000	06-2712363	06-2710500		
ZZY999-20	業主收費						
AAB002-09	和成-忠明002-09AAB	04-22080513	04-22081103		
AAB-002-10	和成-龍潭旗艦店-(美居)AAB	03-4700859	03-4700559		
AAB-002-11	和成-民族店002-11AAB	02-25853498	02-25851303		
AAB-002-12	和成-信義店AAB	02-27584366	02-27580229		
AAB-002-13	和成-新豐店AAB	03-6960062	03-6960476		
AAB-002-14	珺祿室內裝修工程行(和成生活館)	03-4911106	03-4911105		10608265
AAB002-016	業主維修-和成客戶				
AAB002-17	寶隆室內工藝AAB002-17	02-26792294#265	02-86776926(王s)	02-26787232	
AAC003	合祥-003AAC	02-27410008	02-27710066		
AAD004	雍華十上-004AAD	02-27006321	02-27006331	回簽需問發票	
AAD004-001	雍華十上(大同區南京東路227號/11F)	為了沖帳勿刪			
AAD004-001-01	雍華十上(大同區南京東路227號/9F)	為了沖帳勿刪			
AAE005	全勝祥-復興店	02-27068488	02-87911992	Clean up 吳先生0938-692262	
AAE005-01	全勝祥-內湖店005-01	02-87923949	02-87911992	Clean up	
AAE005-007	業主維修(全勝祥)				
AAE005-008	小紀-個人				
AAF007	禹臣-007AAF	03-6572012	03-6572262		
AAG008	璞舍-008AAG	02-27608959	02-27608938		
AAH009	竹桓-009	02-25072808	02-25182257	Clean up	
AAH009-01	門市店樣+竹桓				
AAH009-004	竹桓-龜山合遠建設				
	竹桓倉儲-蔡小姐	03-3183966			
	竹桓倉儲-張先生	0939-098245			
AAH009-002	鴻築建設+竹桓	為了沖帳	為了沖帳		
AAH009-003	合達建設+竹桓	為了沖帳	為了沖帳		
AAH009-005	合遠建設+竹桓	為了沖帳	為了沖帳		
AAH009-006	合遠善捷+竹桓	為了沖帳	為了沖帳		
AAH009-007	合遠建設青溪段(竹桓)	為了沖帳	為了沖帳		
AAH009-000	竹桓-台南門市	02-25072809	02-25182258		
AAH009-009	竹桓南部案場(峻益帳)代請款				
AAH009-008	竹桓中部案場(峻砷帳)代請款				
ZZY999	峻砷999ZZY	04-8876956	04-8876727		
ZZZ1000	峻展1000	06-2712363	06-2710500		
ZZY999-20	業主收費				
